date,code,usdprice
#date,#meta+code,#value+usd
2000-01-15,"Distrito Federal-Cuauhtemoc-Mexico City-Rice (small grain, Morelos)-KG-Wholesale-MXN",0.95
2000-02-15,"Distrito Federal-Cuauhtemoc-Mexico City-Rice (small grain, Morelos)-KG-Wholesale-MXN",0.96
2000-02-15,"Distrito Federal-Cuauhtemoc-Mexico City-Rice (small grain, Morelos)-KG-Wholesale-MXN",0.96
2000-03-15,"Distrito Federal-Cuauhtemoc-Mexico City-Rice (small grain, Morelos)-KG-Wholesale-MXN",0.95
2000-04-15,"Distrito Federal-Cuauhtemoc-Mexico City-Rice (small grain, Morelos)-KG-Wholesale-MXN",0.93
2000-05-15,"Distrito Federal-Cuauhtemoc-Mexico City-Rice (small grain, Morelos)-KG-Wholesale-MXN",0.92
2000-06-15,"Distrito Federal-Cuauhtemoc-Mexico City-Rice (small grain, Morelos)-KG-Wholesale-MXN",0.89
2000-06-15,"Distrito Federal-Cuauhtemoc-Mexico City-Rice (small grain, Morelos)-KG-Wholesale-MXN",0.89
2000-07-15,"Distrito Federal-Cuauhtemoc-Mexico City-Rice (small grain, Morelos)-KG-Wholesale-MXN",0.94
2000-08-15,"Distrito Federal-Cuauhtemoc-Mexico City-Rice (small grain, Morelos)-KG-Wholesale-MXN",0.96
2000-09-15,"Distrito Federal-Cuauhtemoc-Mexico City-Rice (small grain, Morelos)-KG-Wholesale-MXN",0.94
2000-09-15,"Distrito Federal-Cuauhtemoc-Mexico City-Rice (small grain, Morelos)-KG-Wholesale-MXN",0.94
2000-10-15,"Distrito Federal-Cuauhtemoc-Mexico City-Rice (small grain, Morelos)-KG-Wholesale-MXN",0.92
2000-11-15,"Distrito Federal-Cuauhtemoc-Mexico City-Rice (small grain, Morelos)-KG-Wholesale-MXN",0.95
2000-11-15,"Distrito Federal-Cuauhtemoc-Mexico City-Rice (small grain, Morelos)-KG-Wholesale-MXN",0.95
2000-12-15,"Distrito Federal-Cuauhtemoc-Mexico City-Rice (small grain, Morelos)-KG-Wholesale-MXN",0.94
2001-01-15,"Distrito Federal-Cuauhtemoc-Mexico City-Rice (small grain, Morelos)-KG-Wholesale-MXN",0.9
2001-02-15,"Distrito Federal-Cuauhtemoc-Mexico City-Rice (small grain, Morelos)-KG-Wholesale-MXN",0.93
2001-02-15,"Distrito Federal-Cuauhtemoc-Mexico City-Rice (small grain, Morelos)-KG-Wholesale-MXN",0.93
2001-03-15,"Distrito Federal-Cuauhtemoc-Mexico City-Rice (small grain, Morelos)-KG-Wholesale-MXN",0.94
2001-03-15,"Distrito Federal-Cuauhtemoc-Mexico City-Rice (small grain, Morelos)-KG-Wholesale-MXN",0.94
2001-04-15,"Distrito Federal-Cuauhtemoc-Mexico City-Rice (small grain, Morelos)-KG-Wholesale-MXN",0.97
2001-06-15,"Distrito Federal-Cuauhtemoc-Mexico City-Rice (small grain, Morelos)-KG-Wholesale-MXN",1
2001-06-15,"Distrito Federal-Cuauhtemoc-Mexico City-Rice (small grain, Morelos)-KG-Wholesale-MXN",1
2001-07-15,"Distrito Federal-Cuauhtemoc-Mexico City-Rice (small grain, Morelos)-KG-Wholesale-MXN",0.97
2001-07-15,"Distrito Federal-Cuauhtemoc-Mexico City-Rice (small grain, Morelos)-KG-Wholesale-MXN",0.97
2001-08-15,"Distrito Federal-Cuauhtemoc-Mexico City-Rice (small grain, Morelos)-KG-Wholesale-MXN",0.99
2001-09-15,"Distrito Federal-Cuauhtemoc-Mexico City-Rice (small grain, Morelos)-KG-Wholesale-MXN",0.95
2001-09-15,"Distrito Federal-Cuauhtemoc-Mexico City-Rice (small grain, Morelos)-KG-Wholesale-MXN",0.95
2001-10-15,"Distrito Federal-Cuauhtemoc-Mexico City-Rice (small grain, Morelos)-KG-Wholesale-MXN",0.97
2001-11-15,"Distrito Federal-Cuauhtemoc-Mexico City-Rice (small grain, Morelos)-KG-Wholesale-MXN",0.98
2001-12-15,"Distrito Federal-Cuauhtemoc-Mexico City-Rice (small grain, Morelos)-KG-Wholesale-MXN",0.99
2002-01-15,"Distrito Federal-Cuauhtemoc-Mexico City-Rice (small grain, Morelos)-KG-Wholesale-MXN",0.98
2002-02-15,"Distrito Federal-Cuauhtemoc-Mexico City-Rice (small grain, Morelos)-KG-Wholesale-MXN",0.99
2002-02-15,"Distrito Federal-Cuauhtemoc-Mexico City-Rice (small grain, Morelos)-KG-Wholesale-MXN",0.99
2002-03-15,"Distrito Federal-Cuauhtemoc-Mexico City-Rice (small grain, Morelos)-KG-Wholesale-MXN",0.99
2002-03-15,"Distrito Federal-Cuauhtemoc-Mexico City-Rice (small grain, Morelos)-KG-Wholesale-MXN",0.99
2002-04-15,"Distrito Federal-Cuauhtemoc-Mexico City-Rice (small grain, Morelos)-KG-Wholesale-MXN",0.98
2002-04-15,"Distrito Federal-Cuauhtemoc-Mexico City-Rice (small grain, Morelos)-KG-Wholesale-MXN",0.98
2002-05-15,"Distrito Federal-Cuauhtemoc-Mexico City-Rice (small grain, Morelos)-KG-Wholesale-MXN",0.95
2002-06-15,"Distrito Federal-Cuauhtemoc-Mexico City-Rice (small grain, Morelos)-KG-Wholesale-MXN",0.93
2002-06-15,"Distrito Federal-Cuauhtemoc-Mexico City-Rice (small grain, Morelos)-KG-Wholesale-MXN",0.93
2002-07-15,"Distrito Federal-Cuauhtemoc-Mexico City-Rice (small grain, Morelos)-KG-Wholesale-MXN",0.92
2002-07-15,"Distrito Federal-Cuauhtemoc-Mexico City-Rice (small grain, Morelos)-KG-Wholesale-MXN",0.92
2002-08-15,"Distrito Federal-Cuauhtemoc-Mexico City-Rice (small grain, Morelos)-KG-Wholesale-MXN",0.9
2002-09-15,"Distrito Federal-Cuauhtemoc-Mexico City-Rice (small grain, Morelos)-KG-Wholesale-MXN",0.88
2002-09-15,"Distrito Federal-Cuauhtemoc-Mexico City-Rice (small grain, Morelos)-KG-Wholesale-MXN",0.88
2002-10-15,"Distrito Federal-Cuauhtemoc-Mexico City-Rice (small grain, Morelos)-KG-Wholesale-MXN",0.87
2002-10-15,"Distrito Federal-Cuauhtemoc-Mexico City-Rice (small grain, Morelos)-KG-Wholesale-MXN",0.87
2002-11-15,"Distrito Federal-Cuauhtemoc-Mexico City-Rice (small grain, Morelos)-KG-Wholesale-MXN",0.86
2002-12-15,"Distrito Federal-Cuauhtemoc-Mexico City-Rice (small grain, Morelos)-KG-Wholesale-MXN",0.86
2003-01-15,"Distrito Federal-Cuauhtemoc-Mexico City-Rice (small grain, Morelos)-KG-Wholesale-MXN",0.82
2003-02-15,"Distrito Federal-Cuauhtemoc-Mexico City-Rice (small grain, Morelos)-KG-Wholesale-MXN",0.8
2003-03-15,"Distrito Federal-Cuauhtemoc-Mexico City-Rice (small grain, Morelos)-KG-Wholesale-MXN",0.79
2003-04-15,"Distrito Federal-Cuauhtemoc-Mexico City-Rice (small grain, Morelos)-KG-Wholesale-MXN",0.81
2003-05-15,"Distrito Federal-Cuauhtemoc-Mexico City-Rice (small grain, Morelos)-KG-Wholesale-MXN",0.82
2003-05-15,"Distrito Federal-Cuauhtemoc-Mexico City-Rice (small grain, Morelos)-KG-Wholesale-MXN",0.82
2003-06-15,"Distrito Federal-Cuauhtemoc-Mexico City-Rice (small grain, Morelos)-KG-Wholesale-MXN",0.8
2003-06-15,"Distrito Federal-Cuauhtemoc-Mexico City-Rice (small grain, Morelos)-KG-Wholesale-MXN",0.8
2003-08-15,"Distrito Federal-Cuauhtemoc-Mexico City-Rice (small grain, Morelos)-KG-Wholesale-MXN",0.78
2003-08-15,"Distrito Federal-Cuauhtemoc-Mexico City-Rice (small grain, Morelos)-KG-Wholesale-MXN",0.78
2003-09-15,"Distrito Federal-Cuauhtemoc-Mexico City-Rice (small grain, Morelos)-KG-Wholesale-MXN",0.77
2003-09-15,"Distrito Federal-Cuauhtemoc-Mexico City-Rice (small grain, Morelos)-KG-Wholesale-MXN",0.77
2003-10-15,"Distrito Federal-Cuauhtemoc-Mexico City-Rice (small grain, Morelos)-KG-Wholesale-MXN",0.77
2003-10-15,"Distrito Federal-Cuauhtemoc-Mexico City-Rice (small grain, Morelos)-KG-Wholesale-MXN",0.77
2003-11-15,"Distrito Federal-Cuauhtemoc-Mexico City-Rice (small grain, Morelos)-KG-Wholesale-MXN",0.77
2003-12-15,"Distrito Federal-Cuauhtemoc-Mexico City-Rice (small grain, Morelos)-KG-Wholesale-MXN",0.76
2003-12-15,"Distrito Federal-Cuauhtemoc-Mexico City-Rice (small grain, Morelos)-KG-Wholesale-MXN",0.76
2004-01-15,"Distrito Federal-Cuauhtemoc-Mexico City-Rice (small grain, Morelos)-KG-Wholesale-MXN",0.8
2004-01-15,"Distrito Federal-Cuauhtemoc-Mexico City-Rice (small grain, Morelos)-KG-Wholesale-MXN",0.8
2004-02-15,"Distrito Federal-Cuauhtemoc-Mexico City-Rice (small grain, Morelos)-KG-Wholesale-MXN",0.87
2004-02-15,"Distrito Federal-Cuauhtemoc-Mexico City-Rice (small grain, Morelos)-KG-Wholesale-MXN",0.87
2004-03-15,"Distrito Federal-Cuauhtemoc-Mexico City-Rice (small grain, Morelos)-KG-Wholesale-MXN",0.99
2004-04-15,"Distrito Federal-Cuauhtemoc-Mexico City-Rice (small grain, Morelos)-KG-Wholesale-MXN",0.98
2004-04-15,"Distrito Federal-Cuauhtemoc-Mexico City-Rice (small grain, Morelos)-KG-Wholesale-MXN",0.98
2004-05-15,"Distrito Federal-Cuauhtemoc-Mexico City-Rice (small grain, Morelos)-KG-Wholesale-MXN",1.05
2004-06-15,"Distrito Federal-Cuauhtemoc-Mexico City-Rice (small grain, Morelos)-KG-Wholesale-MXN",1.16
2004-07-15,"Distrito Federal-Cuauhtemoc-Mexico City-Rice (small grain, Morelos)-KG-Wholesale-MXN",1.19
2004-07-15,"Distrito Federal-Cuauhtemoc-Mexico City-Rice (small grain, Morelos)-KG-Wholesale-MXN",1.19
2004-08-15,"Distrito Federal-Cuauhtemoc-Mexico City-Rice (small grain, Morelos)-KG-Wholesale-MXN",1.22
2004-08-15,"Distrito Federal-Cuauhtemoc-Mexico City-Rice (small grain, Morelos)-KG-Wholesale-MXN",1.22
2004-09-15,"Distrito Federal-Cuauhtemoc-Mexico City-Rice (small grain, Morelos)-KG-Wholesale-MXN",1.15
2004-09-15,"Distrito Federal-Cuauhtemoc-Mexico City-Rice (small grain, Morelos)-KG-Wholesale-MXN",1.15
2004-10-15,"Distrito Federal-Cuauhtemoc-Mexico City-Rice (small grain, Morelos)-KG-Wholesale-MXN",1.18
2004-11-15,"Distrito Federal-Cuauhtemoc-Mexico City-Rice (small grain, Morelos)-KG-Wholesale-MXN",1.22
2004-11-15,"Distrito Federal-Cuauhtemoc-Mexico City-Rice (small grain, Morelos)-KG-Wholesale-MXN",1.22
2004-12-15,"Distrito Federal-Cuauhtemoc-Mexico City-Rice (small grain, Morelos)-KG-Wholesale-MXN",1.25
2005-01-15,"Distrito Federal-Cuauhtemoc-Mexico City-Rice (small grain, Morelos)-KG-Wholesale-MXN",1.25
2005-01-15,"Distrito Federal-Cuauhtemoc-Mexico City-Rice (small grain, Morelos)-KG-Wholesale-MXN",1.25
2005-02-15,"Distrito Federal-Cuauhtemoc-Mexico City-Rice (small grain, Morelos)-KG-Wholesale-MXN",1.25
2005-02-15,"Distrito Federal-Cuauhtemoc-Mexico City-Rice (small grain, Morelos)-KG-Wholesale-MXN",1.25
2005-03-15,"Distrito Federal-Cuauhtemoc-Mexico City-Rice (small grain, Morelos)-KG-Wholesale-MXN",1.25
2005-03-15,"Distrito Federal-Cuauhtemoc-Mexico City-Rice (small grain, Morelos)-KG-Wholesale-MXN",1.25
2005-04-15,"Distrito Federal-Cuauhtemoc-Mexico City-Rice (small grain, Morelos)-KG-Wholesale-MXN",1.26
2005-04-15,"Distrito Federal-Cuauhtemoc-Mexico City-Rice (small grain, Morelos)-KG-Wholesale-MXN",1.26
2005-05-15,"Distrito Federal-Cuauhtemoc-Mexico City-Rice (small grain, Morelos)-KG-Wholesale-MXN",1.29
2005-06-15,"Distrito Federal-Cuauhtemoc-Mexico City-Rice (small grain, Morelos)-KG-Wholesale-MXN",1.3
2005-07-15,"Distrito Federal-Cuauhtemoc-Mexico City-Rice (small grain, Morelos)-KG-Wholesale-MXN",1.32
2005-07-15,"Distrito Federal-Cuauhtemoc-Mexico City-Rice (small grain, Morelos)-KG-Wholesale-MXN",1.32
2005-09-15,"Distrito Federal-Cuauhtemoc-Mexico City-Rice (small grain, Morelos)-KG-Wholesale-MXN",1.3
2005-09-15,"Distrito Federal-Cuauhtemoc-Mexico City-Rice (small grain, Morelos)-KG-Wholesale-MXN",1.3
2005-11-15,"Distrito Federal-Cuauhtemoc-Mexico City-Rice (small grain, Morelos)-KG-Wholesale-MXN",1.3
2005-11-15,"Distrito Federal-Cuauhtemoc-Mexico City-Rice (small grain, Morelos)-KG-Wholesale-MXN",1.3
2006-01-15,"Distrito Federal-Cuauhtemoc-Mexico City-Rice (small grain, Morelos)-KG-Wholesale-MXN",1.28
2006-01-15,"Distrito Federal-Cuauhtemoc-Mexico City-Rice (small grain, Morelos)-KG-Wholesale-MXN",1.28
2006-02-15,"Distrito Federal-Cuauhtemoc-Mexico City-Rice (small grain, Morelos)-KG-Wholesale-MXN",1.28
2006-02-15,"Distrito Federal-Cuauhtemoc-Mexico City-Rice (small grain, Morelos)-KG-Wholesale-MXN",1.28
2006-03-15,"Distrito Federal-Cuauhtemoc-Mexico City-Rice (small grain, Morelos)-KG-Wholesale-MXN",1.26
2006-03-15,"Distrito Federal-Cuauhtemoc-Mexico City-Rice (small grain, Morelos)-KG-Wholesale-MXN",1.26
2006-04-15,"Distrito Federal-Cuauhtemoc-Mexico City-Rice (small grain, Morelos)-KG-Wholesale-MXN",1.18
2006-04-15,"Distrito Federal-Cuauhtemoc-Mexico City-Rice (small grain, Morelos)-KG-Wholesale-MXN",1.18
2006-05-15,"Distrito Federal-Cuauhtemoc-Mexico City-Rice (small grain, Morelos)-KG-Wholesale-MXN",1.17
2006-05-15,"Distrito Federal-Cuauhtemoc-Mexico City-Rice (small grain, Morelos)-KG-Wholesale-MXN",1.17
2006-06-15,"Distrito Federal-Cuauhtemoc-Mexico City-Rice (small grain, Morelos)-KG-Wholesale-MXN",1.14
2006-07-15,"Distrito Federal-Cuauhtemoc-Mexico City-Rice (small grain, Morelos)-KG-Wholesale-MXN",1.18
2006-08-15,"Distrito Federal-Cuauhtemoc-Mexico City-Rice (small grain, Morelos)-KG-Wholesale-MXN",1.18
2006-09-15,"Distrito Federal-Cuauhtemoc-Mexico City-Rice (small grain, Morelos)-KG-Wholesale-MXN",1.1
2006-10-15,"Distrito Federal-Cuauhtemoc-Mexico City-Rice (small grain, Morelos)-KG-Wholesale-MXN",1.11
2006-10-15,"Distrito Federal-Cuauhtemoc-Mexico City-Rice (small grain, Morelos)-KG-Wholesale-MXN",1.11
2006-11-15,"Distrito Federal-Cuauhtemoc-Mexico City-Rice (small grain, Morelos)-KG-Wholesale-MXN",1.04
2006-11-15,"Distrito Federal-Cuauhtemoc-Mexico City-Rice (small grain, Morelos)-KG-Wholesale-MXN",1.04
2006-12-15,"Distrito Federal-Cuauhtemoc-Mexico City-Rice (small grain, Morelos)-KG-Wholesale-MXN",1.07
2006-12-15,"Distrito Federal-Cuauhtemoc-Mexico City-Rice (small grain, Morelos)-KG-Wholesale-MXN",1.07
2007-01-15,"Distrito Federal-Cuauhtemoc-Mexico City-Rice (small grain, Morelos)-KG-Wholesale-MXN",1.07
2007-01-15,"Distrito Federal-Cuauhtemoc-Mexico City-Rice (small grain, Morelos)-KG-Wholesale-MXN",1.07
2007-02-15,"Distrito Federal-Cuauhtemoc-Mexico City-Rice (small grain, Morelos)-KG-Wholesale-MXN",1.06
2007-03-15,"Distrito Federal-Cuauhtemoc-Mexico City-Rice (small grain, Morelos)-KG-Wholesale-MXN",1.03
2007-04-15,"Distrito Federal-Cuauhtemoc-Mexico City-Rice (small grain, Morelos)-KG-Wholesale-MXN",1.04
2007-05-15,"Distrito Federal-Cuauhtemoc-Mexico City-Rice (small grain, Morelos)-KG-Wholesale-MXN",1.06
2007-06-15,"Distrito Federal-Cuauhtemoc-Mexico City-Rice (small grain, Morelos)-KG-Wholesale-MXN",1.07
2007-06-15,"Distrito Federal-Cuauhtemoc-Mexico City-Rice (small grain, Morelos)-KG-Wholesale-MXN",1.07
2007-08-15,"Distrito Federal-Cuauhtemoc-Mexico City-Rice (small grain, Morelos)-KG-Wholesale-MXN",1.02
2007-11-15,"Distrito Federal-Cuauhtemoc-Mexico City-Rice (small grain, Morelos)-KG-Wholesale-MXN",1.04
2007-11-15,"Distrito Federal-Cuauhtemoc-Mexico City-Rice (small grain, Morelos)-KG-Wholesale-MXN",1.04
2007-12-15,"Distrito Federal-Cuauhtemoc-Mexico City-Rice (small grain, Morelos)-KG-Wholesale-MXN",1.06
2007-12-15,"Distrito Federal-Cuauhtemoc-Mexico City-Rice (small grain, Morelos)-KG-Wholesale-MXN",1.06
2008-01-15,"Distrito Federal-Cuauhtemoc-Mexico City-Rice (small grain, Morelos)-KG-Wholesale-MXN",1.17
2008-02-15,"Distrito Federal-Cuauhtemoc-Mexico City-Rice (small grain, Morelos)-KG-Wholesale-MXN",1.27
2008-03-15,"Distrito Federal-Cuauhtemoc-Mexico City-Rice (small grain, Morelos)-KG-Wholesale-MXN",1.32
2008-04-15,"Distrito Federal-Cuauhtemoc-Mexico City-Rice (small grain, Morelos)-KG-Wholesale-MXN",1.44
2008-05-15,"Distrito Federal-Cuauhtemoc-Mexico City-Rice (small grain, Morelos)-KG-Wholesale-MXN",1.64
2008-06-15,"Distrito Federal-Cuauhtemoc-Mexico City-Rice (small grain, Morelos)-KG-Wholesale-MXN",1.72
2008-06-15,"Distrito Federal-Cuauhtemoc-Mexico City-Rice (small grain, Morelos)-KG-Wholesale-MXN",1.72
2008-07-15,"Distrito Federal-Cuauhtemoc-Mexico City-Rice (small grain, Morelos)-KG-Wholesale-MXN",1.73
2008-07-15,"Distrito Federal-Cuauhtemoc-Mexico City-Rice (small grain, Morelos)-KG-Wholesale-MXN",1.73
2008-08-15,"Distrito Federal-Cuauhtemoc-Mexico City-Rice (small grain, Morelos)-KG-Wholesale-MXN",1.81
2008-09-15,"Distrito Federal-Cuauhtemoc-Mexico City-Rice (small grain, Morelos)-KG-Wholesale-MXN",1.89
2008-10-15,"Distrito Federal-Cuauhtemoc-Mexico City-Rice (small grain, Morelos)-KG-Wholesale-MXN",1.57
2008-11-15,"Distrito Federal-Cuauhtemoc-Mexico City-Rice (small grain, Morelos)-KG-Wholesale-MXN",1.61
2008-11-15,"Distrito Federal-Cuauhtemoc-Mexico City-Rice (small grain, Morelos)-KG-Wholesale-MXN",1.61
2009-01-15,"Distrito Federal-Cuauhtemoc-Mexico City-Rice (small grain, Morelos)-KG-Wholesale-MXN",1.5
2009-03-15,"Distrito Federal-Cuauhtemoc-Mexico City-Rice (small grain, Morelos)-KG-Wholesale-MXN",1.48
2009-04-15,"Distrito Federal-Cuauhtemoc-Mexico City-Rice (small grain, Morelos)-KG-Wholesale-MXN",1.64
2009-04-15,"Distrito Federal-Cuauhtemoc-Mexico City-Rice (small grain, Morelos)-KG-Wholesale-MXN",1.64
2009-05-15,"Distrito Federal-Cuauhtemoc-Mexico City-Rice (small grain, Morelos)-KG-Wholesale-MXN",1.63
2009-05-15,"Distrito Federal-Cuauhtemoc-Mexico City-Rice (small grain, Morelos)-KG-Wholesale-MXN",1.63
2009-06-15,"Distrito Federal-Cuauhtemoc-Mexico City-Rice (small grain, Morelos)-KG-Wholesale-MXN",1.65
2009-07-15,"Distrito Federal-Cuauhtemoc-Mexico City-Rice (small grain, Morelos)-KG-Wholesale-MXN",1.68
2009-08-15,"Distrito Federal-Cuauhtemoc-Mexico City-Rice (small grain, Morelos)-KG-Wholesale-MXN",1.77
2009-09-15,"Distrito Federal-Cuauhtemoc-Mexico City-Rice (small grain, Morelos)-KG-Wholesale-MXN",1.73
2009-10-15,"Distrito Federal-Cuauhtemoc-Mexico City-Rice (small grain, Morelos)-KG-Wholesale-MXN",1.75
2009-11-15,"Distrito Federal-Cuauhtemoc-Mexico City-Rice (small grain, Morelos)-KG-Wholesale-MXN",1.72
2009-11-15,"Distrito Federal-Cuauhtemoc-Mexico City-Rice (small grain, Morelos)-KG-Wholesale-MXN",1.72
2009-12-15,"Distrito Federal-Cuauhtemoc-Mexico City-Rice (small grain, Morelos)-KG-Wholesale-MXN",1.73
2010-01-15,"Distrito Federal-Cuauhtemoc-Mexico City-Rice (small grain, Morelos)-KG-Wholesale-MXN",1.68
2010-01-15,"Distrito Federal-Cuauhtemoc-Mexico City-Rice (small grain, Morelos)-KG-Wholesale-MXN",1.68
2010-03-15,"Distrito Federal-Cuauhtemoc-Mexico City-Rice (small grain, Morelos)-KG-Wholesale-MXN",1.67
2010-03-15,"Distrito Federal-Cuauhtemoc-Mexico City-Rice (small grain, Morelos)-KG-Wholesale-MXN",1.67
2010-04-15,"Distrito Federal-Cuauhtemoc-Mexico City-Rice (small grain, Morelos)-KG-Wholesale-MXN",1.73
2010-05-15,"Distrito Federal-Cuauhtemoc-Mexico City-Rice (small grain, Morelos)-KG-Wholesale-MXN",1.69
2010-05-15,"Distrito Federal-Cuauhtemoc-Mexico City-Rice (small grain, Morelos)-KG-Wholesale-MXN",1.69
2010-06-15,"Distrito Federal-Cuauhtemoc-Mexico City-Rice (small grain, Morelos)-KG-Wholesale-MXN",1.62
2010-07-15,"Distrito Federal-Cuauhtemoc-Mexico City-Rice (small grain, Morelos)-KG-Wholesale-MXN",1.64
2010-08-15,"Distrito Federal-Cuauhtemoc-Mexico City-Rice (small grain, Morelos)-KG-Wholesale-MXN",1.53
2010-08-15,"Distrito Federal-Cuauhtemoc-Mexico City-Rice (small grain, Morelos)-KG-Wholesale-MXN",1.53
2010-09-15,"Distrito Federal-Cuauhtemoc-Mexico City-Rice (small grain, Morelos)-KG-Wholesale-MXN",1.49
2010-09-15,"Distrito Federal-Cuauhtemoc-Mexico City-Rice (small grain, Morelos)-KG-Wholesale-MXN",1.49
2010-10-15,"Distrito Federal-Cuauhtemoc-Mexico City-Rice (small grain, Morelos)-KG-Wholesale-MXN",1.5
2010-11-15,"Distrito Federal-Cuauhtemoc-Mexico City-Rice (small grain, Morelos)-KG-Wholesale-MXN",1.52
2010-11-15,"Distrito Federal-Cuauhtemoc-Mexico City-Rice (small grain, Morelos)-KG-Wholesale-MXN",1.52
2010-12-15,"Distrito Federal-Cuauhtemoc-Mexico City-Rice (small grain, Morelos)-KG-Wholesale-MXN",1.48
2011-01-15,"Distrito Federal-Cuauhtemoc-Mexico City-Rice (small grain, Morelos)-KG-Wholesale-MXN",1.5
2011-02-15,"Distrito Federal-Cuauhtemoc-Mexico City-Rice (small grain, Morelos)-KG-Wholesale-MXN",1.48
2011-03-15,"Distrito Federal-Cuauhtemoc-Mexico City-Rice (small grain, Morelos)-KG-Wholesale-MXN",1.49
2011-04-15,"Distrito Federal-Cuauhtemoc-Mexico City-Rice (small grain, Morelos)-KG-Wholesale-MXN",1.49
2011-04-15,"Distrito Federal-Cuauhtemoc-Mexico City-Rice (small grain, Morelos)-KG-Wholesale-MXN",1.49
2011-05-15,"Distrito Federal-Cuauhtemoc-Mexico City-Rice (small grain, Morelos)-KG-Wholesale-MXN",1.44
2011-06-15,"Distrito Federal-Cuauhtemoc-Mexico City-Rice (small grain, Morelos)-KG-Wholesale-MXN",1.38
2011-07-15,"Distrito Federal-Cuauhtemoc-Mexico City-Rice (small grain, Morelos)-KG-Wholesale-MXN",1.41
2011-08-15,"Distrito Federal-Cuauhtemoc-Mexico City-Rice (small grain, Morelos)-KG-Wholesale-MXN",1.36
2011-09-15,"Distrito Federal-Cuauhtemoc-Mexico City-Rice (small grain, Morelos)-KG-Wholesale-MXN",1.29
2011-11-15,"Distrito Federal-Cuauhtemoc-Mexico City-Rice (small grain, Morelos)-KG-Wholesale-MXN",1.25
2011-12-15,"Distrito Federal-Cuauhtemoc-Mexico City-Rice (small grain, Morelos)-KG-Wholesale-MXN",1.22
2011-12-15,"Distrito Federal-Cuauhtemoc-Mexico City-Rice (small grain, Morelos)-KG-Wholesale-MXN",1.22
2012-01-15,"Distrito Federal-Cuauhtemoc-Mexico City-Rice (small grain, Morelos)-KG-Wholesale-MXN",1.25
2012-02-15,"Distrito Federal-Cuauhtemoc-Mexico City-Rice (small grain, Morelos)-KG-Wholesale-MXN",1.32
2012-03-15,"Distrito Federal-Cuauhtemoc-Mexico City-Rice (small grain, Morelos)-KG-Wholesale-MXN",1.34
2012-03-15,"Distrito Federal-Cuauhtemoc-Mexico City-Rice (small grain, Morelos)-KG-Wholesale-MXN",1.34
2012-04-15,"Distrito Federal-Cuauhtemoc-Mexico City-Rice (small grain, Morelos)-KG-Wholesale-MXN",1.29
2012-04-15,"Distrito Federal-Cuauhtemoc-Mexico City-Rice (small grain, Morelos)-KG-Wholesale-MXN",1.29
2012-06-15,"Distrito Federal-Cuauhtemoc-Mexico City-Rice (small grain, Morelos)-KG-Wholesale-MXN",1.41
2012-06-15,"Distrito Federal-Cuauhtemoc-Mexico City-Rice (small grain, Morelos)-KG-Wholesale-MXN",1.41
2012-07-15,"Distrito Federal-Cuauhtemoc-Mexico City-Rice (small grain, Morelos)-KG-Wholesale-MXN",1.58
2012-07-15,"Distrito Federal-Cuauhtemoc-Mexico City-Rice (small grain, Morelos)-KG-Wholesale-MXN",1.58
2012-08-15,"Distrito Federal-Cuauhtemoc-Mexico City-Rice (small grain, Morelos)-KG-Wholesale-MXN",1.69
2012-09-15,"Distrito Federal-Cuauhtemoc-Mexico City-Rice (small grain, Morelos)-KG-Wholesale-MXN",1.83
2012-10-15,"Distrito Federal-Cuauhtemoc-Mexico City-Rice (small grain, Morelos)-KG-Wholesale-MXN",1.8
2012-11-15,"Distrito Federal-Cuauhtemoc-Mexico City-Rice (small grain, Morelos)-KG-Wholesale-MXN",1.74
2012-11-15,"Distrito Federal-Cuauhtemoc-Mexico City-Rice (small grain, Morelos)-KG-Wholesale-MXN",1.74
2012-12-15,"Distrito Federal-Cuauhtemoc-Mexico City-Rice (small grain, Morelos)-KG-Wholesale-MXN",1.81
2012-12-15,"Distrito Federal-Cuauhtemoc-Mexico City-Rice (small grain, Morelos)-KG-Wholesale-MXN",1.81
2013-01-15,"Distrito Federal-Cuauhtemoc-Mexico City-Rice (small grain, Morelos)-KG-Wholesale-MXN",1.82
2013-02-15,"Distrito Federal-Cuauhtemoc-Mexico City-Rice (small grain, Morelos)-KG-Wholesale-MXN",1.88
2013-03-15,"Distrito Federal-Cuauhtemoc-Mexico City-Rice (small grain, Morelos)-KG-Wholesale-MXN",1.99
2013-03-15,"Distrito Federal-Cuauhtemoc-Mexico City-Rice (small grain, Morelos)-KG-Wholesale-MXN",1.99
2013-04-15,"Distrito Federal-Cuauhtemoc-Mexico City-Rice (small grain, Morelos)-KG-Wholesale-MXN",2.04
2013-05-15,"Distrito Federal-Cuauhtemoc-Mexico City-Rice (small grain, Morelos)-KG-Wholesale-MXN",2.09
2013-05-15,"Distrito Federal-Cuauhtemoc-Mexico City-Rice (small grain, Morelos)-KG-Wholesale-MXN",2.09
2013-06-15,"Distrito Federal-Cuauhtemoc-Mexico City-Rice (small grain, Morelos)-KG-Wholesale-MXN",2.09
2013-08-15,"Distrito Federal-Cuauhtemoc-Mexico City-Rice (small grain, Morelos)-KG-Wholesale-MXN",2.22
2013-09-15,"Distrito Federal-Cuauhtemoc-Mexico City-Rice (small grain, Morelos)-KG-Wholesale-MXN",2.15
2013-09-15,"Distrito Federal-Cuauhtemoc-Mexico City-Rice (small grain, Morelos)-KG-Wholesale-MXN",2.15
2013-10-15,"Distrito Federal-Cuauhtemoc-Mexico City-Rice (small grain, Morelos)-KG-Wholesale-MXN",2.06
2013-11-15,"Distrito Federal-Cuauhtemoc-Mexico City-Rice (small grain, Morelos)-KG-Wholesale-MXN",2.01
2013-11-15,"Distrito Federal-Cuauhtemoc-Mexico City-Rice (small grain, Morelos)-KG-Wholesale-MXN",2.01
2013-12-15,"Distrito Federal-Cuauhtemoc-Mexico City-Rice (small grain, Morelos)-KG-Wholesale-MXN",2.01
2014-01-15,"Distrito Federal-Cuauhtemoc-Mexico City-Rice (small grain, Morelos)-KG-Wholesale-MXN",1.97
2014-02-15,"Distrito Federal-Cuauhtemoc-Mexico City-Rice (small grain, Morelos)-KG-Wholesale-MXN",1.97
2014-03-15,"Distrito Federal-Cuauhtemoc-Mexico City-Rice (small grain, Morelos)-KG-Wholesale-MXN",1.97
2014-04-15,"Distrito Federal-Cuauhtemoc-Mexico City-Rice (small grain, Morelos)-KG-Wholesale-MXN",1.99
2014-05-15,"Distrito Federal-Cuauhtemoc-Mexico City-Rice (small grain, Morelos)-KG-Wholesale-MXN",2.01
2014-05-15,"Distrito Federal-Cuauhtemoc-Mexico City-Rice (small grain, Morelos)-KG-Wholesale-MXN",2.01
2014-06-15,"Distrito Federal-Cuauhtemoc-Mexico City-Rice (small grain, Morelos)-KG-Wholesale-MXN",1.99
2014-06-15,"Distrito Federal-Cuauhtemoc-Mexico City-Rice (small grain, Morelos)-KG-Wholesale-MXN",1.99
2014-07-15,"Distrito Federal-Cuauhtemoc-Mexico City-Rice (small grain, Morelos)-KG-Wholesale-MXN",2.01
2014-08-15,"Distrito Federal-Cuauhtemoc-Mexico City-Rice (small grain, Morelos)-KG-Wholesale-MXN",1.99
2014-10-15,"Distrito Federal-Cuauhtemoc-Mexico City-Rice (small grain, Morelos)-KG-Wholesale-MXN",1.91
2014-10-15,"Distrito Federal-Cuauhtemoc-Mexico City-Rice (small grain, Morelos)-KG-Wholesale-MXN",1.91
2014-11-15,"Distrito Federal-Cuauhtemoc-Mexico City-Rice (small grain, Morelos)-KG-Wholesale-MXN",1.88
2014-12-15,"Distrito Federal-Cuauhtemoc-Mexico City-Rice (small grain, Morelos)-KG-Wholesale-MXN",1.73
2015-01-15,"Distrito Federal-Cuauhtemoc-Mexico City-Rice (small grain, Morelos)-KG-Wholesale-MXN",1.75
2015-02-15,"Distrito Federal-Cuauhtemoc-Mexico City-Rice (small grain, Morelos)-KG-Wholesale-MXN",1.71
2015-02-15,"Distrito Federal-Cuauhtemoc-Mexico City-Rice (small grain, Morelos)-KG-Wholesale-MXN",1.71
2015-03-15,"Distrito Federal-Cuauhtemoc-Mexico City-Rice (small grain, Morelos)-KG-Wholesale-MXN",1.65
2015-03-15,"Distrito Federal-Cuauhtemoc-Mexico City-Rice (small grain, Morelos)-KG-Wholesale-MXN",1.65
2015-04-15,"Distrito Federal-Cuauhtemoc-Mexico City-Rice (small grain, Morelos)-KG-Wholesale-MXN",1.67
2015-04-15,"Distrito Federal-Cuauhtemoc-Mexico City-Rice (small grain, Morelos)-KG-Wholesale-MXN",1.67
2015-05-15,"Distrito Federal-Cuauhtemoc-Mexico City-Rice (small grain, Morelos)-KG-Wholesale-MXN",1.7
2015-05-15,"Distrito Federal-Cuauhtemoc-Mexico City-Rice (small grain, Morelos)-KG-Wholesale-MXN",1.7
2015-06-15,"Distrito Federal-Cuauhtemoc-Mexico City-Rice (small grain, Morelos)-KG-Wholesale-MXN",1.63
2015-06-15,"Distrito Federal-Cuauhtemoc-Mexico City-Rice (small grain, Morelos)-KG-Wholesale-MXN",1.63
2015-07-15,"Distrito Federal-Cuauhtemoc-Mexico City-Rice (small grain, Morelos)-KG-Wholesale-MXN",1.52
2015-08-15,"Distrito Federal-Cuauhtemoc-Mexico City-Rice (small grain, Morelos)-KG-Wholesale-MXN",1.45
2015-08-15,"Distrito Federal-Cuauhtemoc-Mexico City-Rice (small grain, Morelos)-KG-Wholesale-MXN",1.45
2015-09-15,"Distrito Federal-Cuauhtemoc-Mexico City-Rice (small grain, Morelos)-KG-Wholesale-MXN",1.41
2015-09-15,"Distrito Federal-Cuauhtemoc-Mexico City-Rice (small grain, Morelos)-KG-Wholesale-MXN",1.41
2015-10-15,"Distrito Federal-Cuauhtemoc-Mexico City-Rice (small grain, Morelos)-KG-Wholesale-MXN",1.39
2015-10-15,"Distrito Federal-Cuauhtemoc-Mexico City-Rice (small grain, Morelos)-KG-Wholesale-MXN",1.39
2015-11-15,"Distrito Federal-Cuauhtemoc-Mexico City-Rice (small grain, Morelos)-KG-Wholesale-MXN",1.31
2016-01-15,"Distrito Federal-Cuauhtemoc-Mexico City-Rice (small grain, Morelos)-KG-Wholesale-MXN",1.15
2016-02-15,"Distrito Federal-Cuauhtemoc-Mexico City-Rice (small grain, Morelos)-KG-Wholesale-MXN",1.16
2016-03-15,"Distrito Federal-Cuauhtemoc-Mexico City-Rice (small grain, Morelos)-KG-Wholesale-MXN",1.23
2016-04-15,"Distrito Federal-Cuauhtemoc-Mexico City-Rice (small grain, Morelos)-KG-Wholesale-MXN",1.21
2016-05-15,"Distrito Federal-Cuauhtemoc-Mexico City-Rice (small grain, Morelos)-KG-Wholesale-MXN",1.15
2016-06-15,"Distrito Federal-Cuauhtemoc-Mexico City-Rice (small grain, Morelos)-KG-Wholesale-MXN",1.11
2016-07-15,"Distrito Federal-Cuauhtemoc-Mexico City-Rice (small grain, Morelos)-KG-Wholesale-MXN",1.13
2016-07-15,"Distrito Federal-Cuauhtemoc-Mexico City-Rice (small grain, Morelos)-KG-Wholesale-MXN",1.13
2016-09-15,"Distrito Federal-Cuauhtemoc-Mexico City-Rice (small grain, Morelos)-KG-Wholesale-MXN",1.09
2016-09-15,"Distrito Federal-Cuauhtemoc-Mexico City-Rice (small grain, Morelos)-KG-Wholesale-MXN",1.09
2016-10-15,"Distrito Federal-Cuauhtemoc-Mexico City-Rice (small grain, Morelos)-KG-Wholesale-MXN",1.11
2016-10-15,"Distrito Federal-Cuauhtemoc-Mexico City-Rice (small grain, Morelos)-KG-Wholesale-MXN",1.11
2016-11-15,"Distrito Federal-Cuauhtemoc-Mexico City-Rice (small grain, Morelos)-KG-Wholesale-MXN",1.04
2016-12-15,"Distrito Federal-Cuauhtemoc-Mexico City-Rice (small grain, Morelos)-KG-Wholesale-MXN",1.03
2016-12-15,"Distrito Federal-Cuauhtemoc-Mexico City-Rice (small grain, Morelos)-KG-Wholesale-MXN",1.03
2017-01-15,"Distrito Federal-Cuauhtemoc-Mexico City-Rice (small grain, Morelos)-KG-Wholesale-MXN",0.97
2017-02-15,"Distrito Federal-Cuauhtemoc-Mexico City-Rice (small grain, Morelos)-KG-Wholesale-MXN",1.04
2017-02-15,"Distrito Federal-Cuauhtemoc-Mexico City-Rice (small grain, Morelos)-KG-Wholesale-MXN",1.04
2017-03-15,"Distrito Federal-Cuauhtemoc-Mexico City-Rice (small grain, Morelos)-KG-Wholesale-MXN",1.09
2017-04-15,"Distrito Federal-Cuauhtemoc-Mexico City-Rice (small grain, Morelos)-KG-Wholesale-MXN",1.11
2017-05-15,"Distrito Federal-Cuauhtemoc-Mexico City-Rice (small grain, Morelos)-KG-Wholesale-MXN",1.08
2017-06-15,"Distrito Federal-Cuauhtemoc-Mexico City-Rice (small grain, Morelos)-KG-Wholesale-MXN",1.11
2017-07-15,"Distrito Federal-Cuauhtemoc-Mexico City-Rice (small grain, Morelos)-KG-Wholesale-MXN",1.14
2017-08-15,"Distrito Federal-Cuauhtemoc-Mexico City-Rice (small grain, Morelos)-KG-Wholesale-MXN",1.12
2017-09-15,"Distrito Federal-Cuauhtemoc-Mexico City-Rice (small grain, Morelos)-KG-Wholesale-MXN",1.13
2017-10-15,"Distrito Federal-Cuauhtemoc-Mexico City-Rice (small grain, Morelos)-KG-Wholesale-MXN",1.05
2017-11-15,"Distrito Federal-Cuauhtemoc-Mexico City-Rice (small grain, Morelos)-KG-Wholesale-MXN",1.05
2017-12-15,"Distrito Federal-Cuauhtemoc-Mexico City-Rice (small grain, Morelos)-KG-Wholesale-MXN",1.11
2018-01-15,"Distrito Federal-Cuauhtemoc-Mexico City-Rice (small grain, Morelos)-KG-Wholesale-MXN",1.07
2018-02-15,"Distrito Federal-Cuauhtemoc-Mexico City-Rice (small grain, Morelos)-KG-Wholesale-MXN",1.12
2018-03-15,"Distrito Federal-Cuauhtemoc-Mexico City-Rice (small grain, Morelos)-KG-Wholesale-MXN",1.12
2018-04-15,"Distrito Federal-Cuauhtemoc-Mexico City-Rice (small grain, Morelos)-KG-Wholesale-MXN",1.17
2018-04-15,"Distrito Federal-Cuauhtemoc-Mexico City-Rice (small grain, Morelos)-KG-Wholesale-MXN",1.17
2018-05-15,"Distrito Federal-Cuauhtemoc-Mexico City-Rice (small grain, Morelos)-KG-Wholesale-MXN",1.22
2018-05-15,"Distrito Federal-Cuauhtemoc-Mexico City-Rice (small grain, Morelos)-KG-Wholesale-MXN",1.22
2018-06-15,"Distrito Federal-Cuauhtemoc-Mexico City-Rice (small grain, Morelos)-KG-Wholesale-MXN",1.33
2018-06-15,"Distrito Federal-Cuauhtemoc-Mexico City-Rice (small grain, Morelos)-KG-Wholesale-MXN",1.33
2018-07-15,"Distrito Federal-Cuauhtemoc-Mexico City-Rice (small grain, Morelos)-KG-Wholesale-MXN",1.59
2018-07-15,"Distrito Federal-Cuauhtemoc-Mexico City-Rice (small grain, Morelos)-KG-Wholesale-MXN",1.59
2018-08-15,"Distrito Federal-Cuauhtemoc-Mexico City-Rice (small grain, Morelos)-KG-Wholesale-MXN",1.63
2018-08-15,"Distrito Federal-Cuauhtemoc-Mexico City-Rice (small grain, Morelos)-KG-Wholesale-MXN",1.63
2018-09-15,"Distrito Federal-Cuauhtemoc-Mexico City-Rice (small grain, Morelos)-KG-Wholesale-MXN",1.66
2018-09-15,"Distrito Federal-Cuauhtemoc-Mexico City-Rice (small grain, Morelos)-KG-Wholesale-MXN",1.66
2018-10-15,"Distrito Federal-Cuauhtemoc-Mexico City-Rice (small grain, Morelos)-KG-Wholesale-MXN",1.55
2018-10-15,"Distrito Federal-Cuauhtemoc-Mexico City-Rice (small grain, Morelos)-KG-Wholesale-MXN",1.55
2018-11-15,"Distrito Federal-Cuauhtemoc-Mexico City-Rice (small grain, Morelos)-KG-Wholesale-MXN",1.43
2018-11-15,"Distrito Federal-Cuauhtemoc-Mexico City-Rice (small grain, Morelos)-KG-Wholesale-MXN",1.43
2018-12-15,"Distrito Federal-Cuauhtemoc-Mexico City-Rice (small grain, Morelos)-KG-Wholesale-MXN",1.49
2019-02-15,"Distrito Federal-Cuauhtemoc-Mexico City-Rice (small grain, Morelos)-KG-Wholesale-MXN",1.78
2019-03-15,"Distrito Federal-Cuauhtemoc-Mexico City-Rice (small grain, Morelos)-KG-Wholesale-MXN",1.78
2019-04-15,"Distrito Federal-Cuauhtemoc-Mexico City-Rice (small grain, Morelos)-KG-Wholesale-MXN",1.9
2019-04-15,"Distrito Federal-Cuauhtemoc-Mexico City-Rice (small grain, Morelos)-KG-Wholesale-MXN",1.9
2019-05-15,"Distrito Federal-Cuauhtemoc-Mexico City-Rice (small grain, Morelos)-KG-Wholesale-MXN",1.89
2019-06-15,"Distrito Federal-Cuauhtemoc-Mexico City-Rice (small grain, Morelos)-KG-Wholesale-MXN",2
2019-06-15,"Distrito Federal-Cuauhtemoc-Mexico City-Rice (small grain, Morelos)-KG-Wholesale-MXN",2
2019-07-15,"Distrito Federal-Cuauhtemoc-Mexico City-Rice (small grain, Morelos)-KG-Wholesale-MXN",1.99
2019-08-15,"Distrito Federal-Cuauhtemoc-Mexico City-Rice (small grain, Morelos)-KG-Wholesale-MXN",1.96
2019-09-15,"Distrito Federal-Cuauhtemoc-Mexico City-Rice (small grain, Morelos)-KG-Wholesale-MXN",2.02
2019-10-15,"Distrito Federal-Cuauhtemoc-Mexico City-Rice (small grain, Morelos)-KG-Wholesale-MXN",2
2019-11-15,"Distrito Federal-Cuauhtemoc-Mexico City-Rice (small grain, Morelos)-KG-Wholesale-MXN",1.98
2019-12-15,"Distrito Federal-Cuauhtemoc-Mexico City-Rice (small grain, Morelos)-KG-Wholesale-MXN",1.96
2020-01-15,"Distrito Federal-Cuauhtemoc-Mexico City-Rice (small grain, Morelos)-KG-Wholesale-MXN",1.98
2020-02-15,"Distrito Federal-Cuauhtemoc-Mexico City-Rice (small grain, Morelos)-KG-Wholesale-MXN",2.05
2020-02-15,"Distrito Federal-Cuauhtemoc-Mexico City-Rice (small grain, Morelos)-KG-Wholesale-MXN",2.05
2020-03-15,"Distrito Federal-Cuauhtemoc-Mexico City-Rice (small grain, Morelos)-KG-Wholesale-MXN",1.68
2020-04-15,"Distrito Federal-Cuauhtemoc-Mexico City-Rice (small grain, Morelos)-KG-Wholesale-MXN",1.57
2020-05-15,"Distrito Federal-Cuauhtemoc-Mexico City-Rice (small grain, Morelos)-KG-Wholesale-MXN",1.59
2020-07-15,"Distrito Federal-Cuauhtemoc-Mexico City-Rice (small grain, Morelos)-KG-Wholesale-MXN",1.7
2020-08-15,"Distrito Federal-Cuauhtemoc-Mexico City-Rice (small grain, Morelos)-KG-Wholesale-MXN",1.73
2020-09-15,"Distrito Federal-Cuauhtemoc-Mexico City-Rice (small grain, Morelos)-KG-Wholesale-MXN",1.81
2020-10-15,"Distrito Federal-Cuauhtemoc-Mexico City-Rice (small grain, Morelos)-KG-Wholesale-MXN",1.79
2020-11-15,"Distrito Federal-Cuauhtemoc-Mexico City-Rice (small grain, Morelos)-KG-Wholesale-MXN",1.87
2020-12-15,"Distrito Federal-Cuauhtemoc-Mexico City-Rice (small grain, Morelos)-KG-Wholesale-MXN",1.91
2020-12-15,"Distrito Federal-Cuauhtemoc-Mexico City-Rice (small grain, Morelos)-KG-Wholesale-MXN",1.91
2021-02-15,"Distrito Federal-Cuauhtemoc-Mexico City-Rice (small grain, Morelos)-KG-Wholesale-MXN",1.9
2021-03-15,"Distrito Federal-Cuauhtemoc-Mexico City-Rice (small grain, Morelos)-KG-Wholesale-MXN",1.84
2021-04-15,"Distrito Federal-Cuauhtemoc-Mexico City-Rice (small grain, Morelos)-KG-Wholesale-MXN",1.91
2021-05-15,"Distrito Federal-Cuauhtemoc-Mexico City-Rice (small grain, Morelos)-KG-Wholesale-MXN",1.91
2021-05-15,"Distrito Federal-Cuauhtemoc-Mexico City-Rice (small grain, Morelos)-KG-Wholesale-MXN",1.91
2021-06-15,"Distrito Federal-Cuauhtemoc-Mexico City-Rice (small grain, Morelos)-KG-Wholesale-MXN",1.87
2021-07-15,"Distrito Federal-Cuauhtemoc-Mexico City-Rice (small grain, Morelos)-KG-Wholesale-MXN",1.91
2021-09-15,"Distrito Federal-Cuauhtemoc-Mexico City-Rice (small grain, Morelos)-KG-Wholesale-MXN",1.86
2021-09-15,"Distrito Federal-Cuauhtemoc-Mexico City-Rice (small grain, Morelos)-KG-Wholesale-MXN",1.86
2021-11-15,"Distrito Federal-Cuauhtemoc-Mexico City-Rice (small grain, Morelos)-KG-Wholesale-MXN",1.82
2021-11-15,"Distrito Federal-Cuauhtemoc-Mexico City-Rice (small grain, Morelos)-KG-Wholesale-MXN",1.82
2022-01-15,"Distrito Federal-Cuauhtemoc-Mexico City-Rice (small grain, Morelos)-KG-Wholesale-MXN",1.77
2022-01-15,"Distrito Federal-Cuauhtemoc-Mexico City-Rice (small grain, Morelos)-KG-Wholesale-MXN",1.77
2022-02-15,"Distrito Federal-Cuauhtemoc-Mexico City-Rice (small grain, Morelos)-KG-Wholesale-MXN",1.76
2022-03-15,"Distrito Federal-Cuauhtemoc-Mexico City-Rice (small grain, Morelos)-KG-Wholesale-MXN",1.73
2022-03-15,"Distrito Federal-Cuauhtemoc-Mexico City-Rice (small grain, Morelos)-KG-Wholesale-MXN",1.73
2022-04-15,"Distrito Federal-Cuauhtemoc-Mexico City-Rice (small grain, Morelos)-KG-Wholesale-MXN",1.8
2022-05-15,"Distrito Federal-Cuauhtemoc-Mexico City-Rice (small grain, Morelos)-KG-Wholesale-MXN",1.75
2022-06-15,"Distrito Federal-Cuauhtemoc-Mexico City-Rice (small grain, Morelos)-KG-Wholesale-MXN",1.63
2000-01-15,"Puebla-San Andres Cholula-Puebla-Beans (black, imported)-KG-Wholesale-MXN",2.44
2000-01-15,"Puebla-San Andres Cholula-Puebla-Beans (black, imported)-KG-Wholesale-MXN",2.44
2000-04-15,"Puebla-San Andres Cholula-Puebla-Beans (black, imported)-KG-Wholesale-MXN",0.63
2000-04-15,"Puebla-San Andres Cholula-Puebla-Beans (black, imported)-KG-Wholesale-MXN",0.63
2000-05-15,"Puebla-San Andres Cholula-Puebla-Beans (black, imported)-KG-Wholesale-MXN",0.77
2000-06-15,"Puebla-San Andres Cholula-Puebla-Beans (black, imported)-KG-Wholesale-MXN",0.79
2000-07-15,"Puebla-San Andres Cholula-Puebla-Beans (black, imported)-KG-Wholesale-MXN",0.82
2000-07-15,"Puebla-San Andres Cholula-Puebla-Beans (black, imported)-KG-Wholesale-MXN",0.82
2000-08-15,"Puebla-San Andres Cholula-Puebla-Beans (black, imported)-KG-Wholesale-MXN",0.8
2000-09-15,"Puebla-San Andres Cholula-Puebla-Beans (black, imported)-KG-Wholesale-MXN",0.79
2000-09-15,"Puebla-San Andres Cholula-Puebla-Beans (black, imported)-KG-Wholesale-MXN",0.79
2000-12-15,"Puebla-San Andres Cholula-Puebla-Beans (black, imported)-KG-Wholesale-MXN",0.72
2001-01-15,"Puebla-San Andres Cholula-Puebla-Beans (black, imported)-KG-Wholesale-MXN",0.72
2001-02-15,"Puebla-San Andres Cholula-Puebla-Beans (black, imported)-KG-Wholesale-MXN",0.83
2001-03-15,"Puebla-San Andres Cholula-Puebla-Beans (black, imported)-KG-Wholesale-MXN",0.87
2001-04-15,"Puebla-San Andres Cholula-Puebla-Beans (black, imported)-KG-Wholesale-MXN",0.99
2001-05-15,"Puebla-San Andres Cholula-Puebla-Beans (black, imported)-KG-Wholesale-MXN",0.96
2001-06-15,"Puebla-San Andres Cholula-Puebla-Beans (black, imported)-KG-Wholesale-MXN",0.99
2001-07-15,"Puebla-San Andres Cholula-Puebla-Beans (black, imported)-KG-Wholesale-MXN",0.99
2001-08-15,"Puebla-San Andres Cholula-Puebla-Beans (black, imported)-KG-Wholesale-MXN",1.33
2001-09-15,"Puebla-San Andres Cholula-Puebla-Beans (black, imported)-KG-Wholesale-MXN",1.46
2001-10-15,"Puebla-San Andres Cholula-Puebla-Beans (black, imported)-KG-Wholesale-MXN",1.35
2001-10-15,"Puebla-San Andres Cholula-Puebla-Beans (black, imported)-KG-Wholesale-MXN",1.35
2001-12-15,"Puebla-San Andres Cholula-Puebla-Beans (black, imported)-KG-Wholesale-MXN",1.37
2002-01-15,"Puebla-San Andres Cholula-Puebla-Beans (black, imported)-KG-Wholesale-MXN",1.44
2002-02-15,"Puebla-San Andres Cholula-Puebla-Beans (black, imported)-KG-Wholesale-MXN",1.5
2002-02-15,"Puebla-San Andres Cholula-Puebla-Beans (black, imported)-KG-Wholesale-MXN",1.5
2002-04-15,"Puebla-San Andres Cholula-Puebla-Beans (black, imported)-KG-Wholesale-MXN",1.36
2002-04-15,"Puebla-San Andres Cholula-Puebla-Beans (black, imported)-KG-Wholesale-MXN",1.36
2002-05-15,"Puebla-San Andres Cholula-Puebla-Beans (black, imported)-KG-Wholesale-MXN",1.32
2002-05-15,"Puebla-San Andres Cholula-Puebla-Beans (black, imported)-KG-Wholesale-MXN",1.32
2002-06-15,"Puebla-San Andres Cholula-Puebla-Beans (black, imported)-KG-Wholesale-MXN",1.29
2002-06-15,"Puebla-San Andres Cholula-Puebla-Beans (black, imported)-KG-Wholesale-MXN",1.29
2002-07-15,"Puebla-San Andres Cholula-Puebla-Beans (black, imported)-KG-Wholesale-MXN",1.19
2002-08-15,"Puebla-San Andres Cholula-Puebla-Beans (black, imported)-KG-Wholesale-MXN",1.11
2002-09-15,"Puebla-San Andres Cholula-Puebla-Beans (black, imported)-KG-Wholesale-MXN",1.03
2002-10-15,"Puebla-San Andres Cholula-Puebla-Beans (black, imported)-KG-Wholesale-MXN",0.97
2002-10-15,"Puebla-San Andres Cholula-Puebla-Beans (black, imported)-KG-Wholesale-MXN",0.97
2002-11-15,"Puebla-San Andres Cholula-Puebla-Beans (black, imported)-KG-Wholesale-MXN",0.95
2003-01-15,"Puebla-San Andres Cholula-Puebla-Beans (black, imported)-KG-Wholesale-MXN",0.9
2003-01-15,"Puebla-San Andres Cholula-Puebla-Beans (black, imported)-KG-Wholesale-MXN",0.9
2003-02-15,"Puebla-San Andres Cholula-Puebla-Beans (black, imported)-KG-Wholesale-MXN",1.09
2003-03-15,"Puebla-San Andres Cholula-Puebla-Beans (black, imported)-KG-Wholesale-MXN",1.13
2003-04-15,"Puebla-San Andres Cholula-Puebla-Beans (black, imported)-KG-Wholesale-MXN",1.23
2003-04-15,"Puebla-San Andres Cholula-Puebla-Beans (black, imported)-KG-Wholesale-MXN",1.23
2003-05-15,"Puebla-San Andres Cholula-Puebla-Beans (black, imported)-KG-Wholesale-MXN",1.25
2003-05-15,"Puebla-San Andres Cholula-Puebla-Beans (black, imported)-KG-Wholesale-MXN",1.25
2003-06-15,"Puebla-San Andres Cholula-Puebla-Beans (black, imported)-KG-Wholesale-MXN",1.19
2003-07-15,"Puebla-San Andres Cholula-Puebla-Beans (black, imported)-KG-Wholesale-MXN",0.93
2003-08-15,"Puebla-San Andres Cholula-Puebla-Beans (black, imported)-KG-Wholesale-MXN",0.88
2003-09-15,"Puebla-San Andres Cholula-Puebla-Beans (black, imported)-KG-Wholesale-MXN",0.82
2003-10-15,"Puebla-San Andres Cholula-Puebla-Beans (black, imported)-KG-Wholesale-MXN",0.8
2003-10-15,"Puebla-San Andres Cholula-Puebla-Beans (black, imported)-KG-Wholesale-MXN",0.8
2003-11-15,"Puebla-San Andres Cholula-Puebla-Beans (black, imported)-KG-Wholesale-MXN",0.81
2003-12-15,"Puebla-San Andres Cholula-Puebla-Beans (black, imported)-KG-Wholesale-MXN",0.83
2004-01-15,"Puebla-San Andres Cholula-Puebla-Beans (black, imported)-KG-Wholesale-MXN",0.86
2004-01-15,"Puebla-San Andres Cholula-Puebla-Beans (black, imported)-KG-Wholesale-MXN",0.86
2004-02-15,"Puebla-San Andres Cholula-Puebla-Beans (black, imported)-KG-Wholesale-MXN",0.86
2004-03-15,"Puebla-San Andres Cholula-Puebla-Beans (black, imported)-KG-Wholesale-MXN",0.86
2004-04-15,"Puebla-San Andres Cholula-Puebla-Beans (black, imported)-KG-Wholesale-MXN",0.83
2004-04-15,"Puebla-San Andres Cholula-Puebla-Beans (black, imported)-KG-Wholesale-MXN",0.83
2004-06-15,"Puebla-San Andres Cholula-Puebla-Beans (black, imported)-KG-Wholesale-MXN",0.83
2004-06-15,"Puebla-San Andres Cholula-Puebla-Beans (black, imported)-KG-Wholesale-MXN",0.83
2004-07-15,"Puebla-San Andres Cholula-Puebla-Beans (black, imported)-KG-Wholesale-MXN",0.83
2004-08-15,"Puebla-San Andres Cholula-Puebla-Beans (black, imported)-KG-Wholesale-MXN",0.84
2004-09-15,"Puebla-San Andres Cholula-Puebla-Beans (black, imported)-KG-Wholesale-MXN",0.86
2004-09-15,"Puebla-San Andres Cholula-Puebla-Beans (black, imported)-KG-Wholesale-MXN",0.86
2004-10-15,"Puebla-San Andres Cholula-Puebla-Beans (black, imported)-KG-Wholesale-MXN",0.92
2004-10-15,"Puebla-San Andres Cholula-Puebla-Beans (black, imported)-KG-Wholesale-MXN",0.92
2004-11-15,"Puebla-San Andres Cholula-Puebla-Beans (black, imported)-KG-Wholesale-MXN",0.92
2004-12-15,"Puebla-San Andres Cholula-Puebla-Beans (black, imported)-KG-Wholesale-MXN",0.94
2005-02-15,"Puebla-San Andres Cholula-Puebla-Beans (black, imported)-KG-Wholesale-MXN",0.94
2005-02-15,"Puebla-San Andres Cholula-Puebla-Beans (black, imported)-KG-Wholesale-MXN",0.94
2005-03-15,"Puebla-San Andres Cholula-Puebla-Beans (black, imported)-KG-Wholesale-MXN",0.92
2005-04-15,"Puebla-San Andres Cholula-Puebla-Beans (black, imported)-KG-Wholesale-MXN",0.9
2005-04-15,"Puebla-San Andres Cholula-Puebla-Beans (black, imported)-KG-Wholesale-MXN",0.9
2005-05-15,"Puebla-San Andres Cholula-Puebla-Beans (black, imported)-KG-Wholesale-MXN",0.91
2005-06-15,"Puebla-San Andres Cholula-Puebla-Beans (black, imported)-KG-Wholesale-MXN",0.9
2005-07-15,"Puebla-San Andres Cholula-Puebla-Beans (black, imported)-KG-Wholesale-MXN",0.9
2005-08-15,"Puebla-San Andres Cholula-Puebla-Beans (black, imported)-KG-Wholesale-MXN",0.9
2005-09-15,"Puebla-San Andres Cholula-Puebla-Beans (black, imported)-KG-Wholesale-MXN",0.88
2005-10-15,"Puebla-San Andres Cholula-Puebla-Beans (black, imported)-KG-Wholesale-MXN",0.87
2005-11-15,"Puebla-San Andres Cholula-Puebla-Beans (black, imported)-KG-Wholesale-MXN",0.96
2005-12-15,"Puebla-San Andres Cholula-Puebla-Beans (black, imported)-KG-Wholesale-MXN",1.03
2006-01-15,"Puebla-San Andres Cholula-Puebla-Beans (black, imported)-KG-Wholesale-MXN",1.04
2006-01-15,"Puebla-San Andres Cholula-Puebla-Beans (black, imported)-KG-Wholesale-MXN",1.04
2006-02-15,"Puebla-San Andres Cholula-Puebla-Beans (black, imported)-KG-Wholesale-MXN",1.04
2006-03-15,"Puebla-San Andres Cholula-Puebla-Beans (black, imported)-KG-Wholesale-MXN",1.08
2006-03-15,"Puebla-San Andres Cholula-Puebla-Beans (black, imported)-KG-Wholesale-MXN",1.08
2006-04-15,"Puebla-San Andres Cholula-Puebla-Beans (black, imported)-KG-Wholesale-MXN",1.05
2006-05-15,"Puebla-San Andres Cholula-Puebla-Beans (black, imported)-KG-Wholesale-MXN",1.11
2006-06-15,"Puebla-San Andres Cholula-Puebla-Beans (black, imported)-KG-Wholesale-MXN",1.14
2006-06-15,"Puebla-San Andres Cholula-Puebla-Beans (black, imported)-KG-Wholesale-MXN",1.14
2006-07-15,"Puebla-San Andres Cholula-Puebla-Beans (black, imported)-KG-Wholesale-MXN",1.16
2006-07-15,"Puebla-San Andres Cholula-Puebla-Beans (black, imported)-KG-Wholesale-MXN",1.16
2006-08-15,"Puebla-San Andres Cholula-Puebla-Beans (black, imported)-KG-Wholesale-MXN",1.09
2006-09-15,"Puebla-San Andres Cholula-Puebla-Beans (black, imported)-KG-Wholesale-MXN",1.1
2006-10-15,"Puebla-San Andres Cholula-Puebla-Beans (black, imported)-KG-Wholesale-MXN",1.11
2006-10-15,"Puebla-San Andres Cholula-Puebla-Beans (black, imported)-KG-Wholesale-MXN",1.11
2006-11-15,"Puebla-San Andres Cholula-Puebla-Beans (black, imported)-KG-Wholesale-MXN",1.03
2006-12-15,"Puebla-San Andres Cholula-Puebla-Beans (black, imported)-KG-Wholesale-MXN",1.07
2006-12-15,"Puebla-San Andres Cholula-Puebla-Beans (black, imported)-KG-Wholesale-MXN",1.07
2007-01-15,"Puebla-San Andres Cholula-Puebla-Beans (black, imported)-KG-Wholesale-MXN",0.98
2007-02-15,"Puebla-San Andres Cholula-Puebla-Beans (black, imported)-KG-Wholesale-MXN",0.96
2007-03-15,"Puebla-San Andres Cholula-Puebla-Beans (black, imported)-KG-Wholesale-MXN",0.94
2007-04-15,"Puebla-San Andres Cholula-Puebla-Beans (black, imported)-KG-Wholesale-MXN",1.05
2007-05-15,"Puebla-San Andres Cholula-Puebla-Beans (black, imported)-KG-Wholesale-MXN",1.06
2007-06-15,"Puebla-San Andres Cholula-Puebla-Beans (black, imported)-KG-Wholesale-MXN",1.07
2007-06-15,"Puebla-San Andres Cholula-Puebla-Beans (black, imported)-KG-Wholesale-MXN",1.07
2007-07-15,"Puebla-San Andres Cholula-Puebla-Beans (black, imported)-KG-Wholesale-MXN",1.07
2007-08-15,"Puebla-San Andres Cholula-Puebla-Beans (black, imported)-KG-Wholesale-MXN",1.07
2007-08-15,"Puebla-San Andres Cholula-Puebla-Beans (black, imported)-KG-Wholesale-MXN",1.07
2007-10-15,"Puebla-San Andres Cholula-Puebla-Beans (black, imported)-KG-Wholesale-MXN",1.11
2007-10-15,"Puebla-San Andres Cholula-Puebla-Beans (black, imported)-KG-Wholesale-MXN",1.11
2007-11-15,"Puebla-San Andres Cholula-Puebla-Beans (black, imported)-KG-Wholesale-MXN",1.1
2007-12-15,"Puebla-San Andres Cholula-Puebla-Beans (black, imported)-KG-Wholesale-MXN",1.11
2008-02-15,"Puebla-San Andres Cholula-Puebla-Beans (black, imported)-KG-Wholesale-MXN",1.18
2008-03-15,"Puebla-San Andres Cholula-Puebla-Beans (black, imported)-KG-Wholesale-MXN",1.21
2008-03-15,"Puebla-San Andres Cholula-Puebla-Beans (black, imported)-KG-Wholesale-MXN",1.21
2008-04-15,"Puebla-San Andres Cholula-Puebla-Beans (black, imported)-KG-Wholesale-MXN",1.3
2008-05-15,"Puebla-San Andres Cholula-Puebla-Beans (black, imported)-KG-Wholesale-MXN",1.34
2008-06-15,"Puebla-San Andres Cholula-Puebla-Beans (black, imported)-KG-Wholesale-MXN",1.35
2008-08-15,"Puebla-San Andres Cholula-Puebla-Beans (black, imported)-KG-Wholesale-MXN",1.4
2008-09-15,"Puebla-San Andres Cholula-Puebla-Beans (black, imported)-KG-Wholesale-MXN",1.36
2008-10-15,"Puebla-San Andres Cholula-Puebla-Beans (black, imported)-KG-Wholesale-MXN",1.12
2008-11-15,"Puebla-San Andres Cholula-Puebla-Beans (black, imported)-KG-Wholesale-MXN",1.09
2008-12-15,"Puebla-San Andres Cholula-Puebla-Beans (black, imported)-KG-Wholesale-MXN",1.08
2009-01-15,"Puebla-San Andres Cholula-Puebla-Beans (black, imported)-KG-Wholesale-MXN",1.18
2009-01-15,"Puebla-San Andres Cholula-Puebla-Beans (black, imported)-KG-Wholesale-MXN",1.18
2009-02-15,"Puebla-San Andres Cholula-Puebla-Beans (black, imported)-KG-Wholesale-MXN",1.15
2009-03-15,"Puebla-San Andres Cholula-Puebla-Beans (black, imported)-KG-Wholesale-MXN",1.18
2009-04-15,"Puebla-San Andres Cholula-Puebla-Beans (black, imported)-KG-Wholesale-MXN",1.29
2009-05-15,"Puebla-San Andres Cholula-Puebla-Beans (black, imported)-KG-Wholesale-MXN",1.31
2009-06-15,"Puebla-San Andres Cholula-Puebla-Beans (black, imported)-KG-Wholesale-MXN",1.31
2009-06-15,"Puebla-San Andres Cholula-Puebla-Beans (black, imported)-KG-Wholesale-MXN",1.31
2009-07-15,"Puebla-San Andres Cholula-Puebla-Beans (black, imported)-KG-Wholesale-MXN",1.28
2009-08-15,"Puebla-San Andres Cholula-Puebla-Beans (black, imported)-KG-Wholesale-MXN",1.29
2009-08-15,"Puebla-San Andres Cholula-Puebla-Beans (black, imported)-KG-Wholesale-MXN",1.29
2009-10-15,"Puebla-San Andres Cholula-Puebla-Beans (black, imported)-KG-Wholesale-MXN",1.3
2009-11-15,"Puebla-San Andres Cholula-Puebla-Beans (black, imported)-KG-Wholesale-MXN",1.3
2009-12-15,"Puebla-San Andres Cholula-Puebla-Beans (black, imported)-KG-Wholesale-MXN",1.32
2009-12-15,"Puebla-San Andres Cholula-Puebla-Beans (black, imported)-KG-Wholesale-MXN",1.32
2010-01-15,"Puebla-San Andres Cholula-Puebla-Beans (black, imported)-KG-Wholesale-MXN",1.3
2010-02-15,"Puebla-San Andres Cholula-Puebla-Beans (black, imported)-KG-Wholesale-MXN",1.34
2010-02-15,"Puebla-San Andres Cholula-Puebla-Beans (black, imported)-KG-Wholesale-MXN",1.34
2010-03-15,"Puebla-San Andres Cholula-Puebla-Beans (black, imported)-KG-Wholesale-MXN",1.32
2010-04-15,"Puebla-San Andres Cholula-Puebla-Beans (black, imported)-KG-Wholesale-MXN",1.36
2010-05-15,"Puebla-San Andres Cholula-Puebla-Beans (black, imported)-KG-Wholesale-MXN",1.27
2010-06-15,"Puebla-San Andres Cholula-Puebla-Beans (black, imported)-KG-Wholesale-MXN",1.27
2010-07-15,"Puebla-San Andres Cholula-Puebla-Beans (black, imported)-KG-Wholesale-MXN",1.24
2010-08-15,"Puebla-San Andres Cholula-Puebla-Beans (black, imported)-KG-Wholesale-MXN",1.2
2010-09-15,"Puebla-San Andres Cholula-Puebla-Beans (black, imported)-KG-Wholesale-MXN",1.11
2010-10-15,"Puebla-San Andres Cholula-Puebla-Beans (black, imported)-KG-Wholesale-MXN",1.08
2010-11-15,"Puebla-San Andres Cholula-Puebla-Beans (black, imported)-KG-Wholesale-MXN",1.08
2010-11-15,"Puebla-San Andres Cholula-Puebla-Beans (black, imported)-KG-Wholesale-MXN",1.08
2010-12-15,"Puebla-San Andres Cholula-Puebla-Beans (black, imported)-KG-Wholesale-MXN",1.12
2010-12-15,"Puebla-San Andres Cholula-Puebla-Beans (black, imported)-KG-Wholesale-MXN",1.12
2011-01-15,"Puebla-San Andres Cholula-Puebla-Beans (black, imported)-KG-Wholesale-MXN",1.13
2011-02-15,"Puebla-San Andres Cholula-Puebla-Beans (black, imported)-KG-Wholesale-MXN",1.13
2011-02-15,"Puebla-San Andres Cholula-Puebla-Beans (black, imported)-KG-Wholesale-MXN",1.13
2011-03-15,"Puebla-San Andres Cholula-Puebla-Beans (black, imported)-KG-Wholesale-MXN",1.24
2011-03-15,"Puebla-San Andres Cholula-Puebla-Beans (black, imported)-KG-Wholesale-MXN",1.24
2011-04-15,"Puebla-San Andres Cholula-Puebla-Beans (black, imported)-KG-Wholesale-MXN",1.33
2011-05-15,"Puebla-San Andres Cholula-Puebla-Beans (black, imported)-KG-Wholesale-MXN",1.36
2011-06-15,"Puebla-San Andres Cholula-Puebla-Beans (black, imported)-KG-Wholesale-MXN",1.34
2011-07-15,"Puebla-San Andres Cholula-Puebla-Beans (black, imported)-KG-Wholesale-MXN",1.41
2011-08-15,"Puebla-San Andres Cholula-Puebla-Beans (black, imported)-KG-Wholesale-MXN",1.44
2011-09-15,"Puebla-San Andres Cholula-Puebla-Beans (black, imported)-KG-Wholesale-MXN",1.36
2011-09-15,"Puebla-San Andres Cholula-Puebla-Beans (black, imported)-KG-Wholesale-MXN",1.36
2011-10-15,"Puebla-San Andres Cholula-Puebla-Beans (black, imported)-KG-Wholesale-MXN",1.48
2011-10-15,"Puebla-San Andres Cholula-Puebla-Beans (black, imported)-KG-Wholesale-MXN",1.48
2011-11-15,"Puebla-San Andres Cholula-Puebla-Beans (black, imported)-KG-Wholesale-MXN",1.43
2011-12-15,"Puebla-San Andres Cholula-Puebla-Beans (black, imported)-KG-Wholesale-MXN",1.46
2012-01-15,"Puebla-San Andres Cholula-Puebla-Beans (black, imported)-KG-Wholesale-MXN",1.55
2012-02-15,"Puebla-San Andres Cholula-Puebla-Beans (black, imported)-KG-Wholesale-MXN",1.63
2012-03-15,"Puebla-San Andres Cholula-Puebla-Beans (black, imported)-KG-Wholesale-MXN",1.42
2012-03-15,"Puebla-San Andres Cholula-Puebla-Beans (black, imported)-KG-Wholesale-MXN",1.42
2012-04-15,"Puebla-San Andres Cholula-Puebla-Beans (black, imported)-KG-Wholesale-MXN",1.33
2012-05-15,"Puebla-San Andres Cholula-Puebla-Beans (black, imported)-KG-Wholesale-MXN",1.33
2012-05-15,"Puebla-San Andres Cholula-Puebla-Beans (black, imported)-KG-Wholesale-MXN",1.33
2012-06-15,"Puebla-San Andres Cholula-Puebla-Beans (black, imported)-KG-Wholesale-MXN",1.36
2012-07-15,"Puebla-San Andres Cholula-Puebla-Beans (black, imported)-KG-Wholesale-MXN",1.49
2012-08-15,"Puebla-San Andres Cholula-Puebla-Beans (black, imported)-KG-Wholesale-MXN",1.46
2012-09-15,"Puebla-San Andres Cholula-Puebla-Beans (black, imported)-KG-Wholesale-MXN",1.37
2012-10-15,"Puebla-San Andres Cholula-Puebla-Beans (black, imported)-KG-Wholesale-MXN",1.18
2012-11-15,"Puebla-San Andres Cholula-Puebla-Beans (black, imported)-KG-Wholesale-MXN",1.25
2012-12-15,"Puebla-San Andres Cholula-Puebla-Beans (black, imported)-KG-Wholesale-MXN",1.36
2013-01-15,"Puebla-San Andres Cholula-Puebla-Beans (black, imported)-KG-Wholesale-MXN",1.37
2013-02-15,"Puebla-San Andres Cholula-Puebla-Beans (black, imported)-KG-Wholesale-MXN",1.3
2013-03-15,"Puebla-San Andres Cholula-Puebla-Beans (black, imported)-KG-Wholesale-MXN",1.26
2013-04-15,"Puebla-San Andres Cholula-Puebla-Beans (black, imported)-KG-Wholesale-MXN",1.36
2013-04-15,"Puebla-San Andres Cholula-Puebla-Beans (black, imported)-KG-Wholesale-MXN",1.36
2013-05-15,"Puebla-San Andres Cholula-Puebla-Beans (black, imported)-KG-Wholesale-MXN",1.37
2013-06-15,"Puebla-San Andres Cholula-Puebla-Beans (black, imported)-KG-Wholesale-MXN",1.34
2013-06-15,"Puebla-San Andres Cholula-Puebla-Beans (black, imported)-KG-Wholesale-MXN",1.34
2013-07-15,"Puebla-San Andres Cholula-Puebla-Beans (black, imported)-KG-Wholesale-MXN",1.4
2013-08-15,"Puebla-San Andres Cholula-Puebla-Beans (black, imported)-KG-Wholesale-MXN",1.44
2013-09-15,"Puebla-San Andres Cholula-Puebla-Beans (black, imported)-KG-Wholesale-MXN",1.45
2013-10-15,"Puebla-San Andres Cholula-Puebla-Beans (black, imported)-KG-Wholesale-MXN",1.44
2013-11-15,"Puebla-San Andres Cholula-Puebla-Beans (black, imported)-KG-Wholesale-MXN",1.35
2013-11-15,"Puebla-San Andres Cholula-Puebla-Beans (black, imported)-KG-Wholesale-MXN",1.35
2013-12-15,"Puebla-San Andres Cholula-Puebla-Beans (black, imported)-KG-Wholesale-MXN",1.39
2014-01-15,"Puebla-San Andres Cholula-Puebla-Beans (black, imported)-KG-Wholesale-MXN",1.4
2014-02-15,"Puebla-San Andres Cholula-Puebla-Beans (black, imported)-KG-Wholesale-MXN",1.4
2014-02-15,"Puebla-San Andres Cholula-Puebla-Beans (black, imported)-KG-Wholesale-MXN",1.4
2014-03-15,"Puebla-San Andres Cholula-Puebla-Beans (black, imported)-KG-Wholesale-MXN",1.4
2014-04-15,"Puebla-San Andres Cholula-Puebla-Beans (black, imported)-KG-Wholesale-MXN",1.41
2014-04-15,"Puebla-San Andres Cholula-Puebla-Beans (black, imported)-KG-Wholesale-MXN",1.41
2014-05-15,"Puebla-San Andres Cholula-Puebla-Beans (black, imported)-KG-Wholesale-MXN",1.76
2014-06-15,"Puebla-San Andres Cholula-Puebla-Beans (black, imported)-KG-Wholesale-MXN",1.76
2014-07-15,"Puebla-San Andres Cholula-Puebla-Beans (black, imported)-KG-Wholesale-MXN",1.54
2014-07-15,"Puebla-San Andres Cholula-Puebla-Beans (black, imported)-KG-Wholesale-MXN",1.54
2014-08-15,"Puebla-San Andres Cholula-Puebla-Beans (black, imported)-KG-Wholesale-MXN",1.76
2014-08-15,"Puebla-San Andres Cholula-Puebla-Beans (black, imported)-KG-Wholesale-MXN",1.76
2014-09-15,"Puebla-San Andres Cholula-Puebla-Beans (black, imported)-KG-Wholesale-MXN",1.53
2014-10-15,"Puebla-San Andres Cholula-Puebla-Beans (black, imported)-KG-Wholesale-MXN",1.33
2014-11-15,"Puebla-San Andres Cholula-Puebla-Beans (black, imported)-KG-Wholesale-MXN",1.33
2014-11-15,"Puebla-San Andres Cholula-Puebla-Beans (black, imported)-KG-Wholesale-MXN",1.33
2015-01-15,"Puebla-San Andres Cholula-Puebla-Beans (black, imported)-KG-Wholesale-MXN",1.25
2015-02-15,"Puebla-San Andres Cholula-Puebla-Beans (black, imported)-KG-Wholesale-MXN",1.24
2015-03-15,"Puebla-San Andres Cholula-Puebla-Beans (black, imported)-KG-Wholesale-MXN",1.2
2015-04-15,"Puebla-San Andres Cholula-Puebla-Beans (black, imported)-KG-Wholesale-MXN",1.18
2015-05-15,"Puebla-San Andres Cholula-Puebla-Beans (black, imported)-KG-Wholesale-MXN",1.2
2015-06-15,"Puebla-San Andres Cholula-Puebla-Beans (black, imported)-KG-Wholesale-MXN",1.17
2015-07-15,"Puebla-San Andres Cholula-Puebla-Beans (black, imported)-KG-Wholesale-MXN",1.14
2015-09-15,"Puebla-San Andres Cholula-Puebla-Beans (black, imported)-KG-Wholesale-MXN",1.08
2015-09-15,"Puebla-San Andres Cholula-Puebla-Beans (black, imported)-KG-Wholesale-MXN",1.08
2015-10-15,"Puebla-San Andres Cholula-Puebla-Beans (black, imported)-KG-Wholesale-MXN",1.05
2015-11-15,"Puebla-San Andres Cholula-Puebla-Beans (black, imported)-KG-Wholesale-MXN",1.02
2016-01-15,"Puebla-San Andres Cholula-Puebla-Beans (black, imported)-KG-Wholesale-MXN",0.86
2016-02-15,"Puebla-San Andres Cholula-Puebla-Beans (black, imported)-KG-Wholesale-MXN",0.74
2016-04-15,"Puebla-San Andres Cholula-Puebla-Beans (black, imported)-KG-Wholesale-MXN",0.97
2016-05-15,"Puebla-San Andres Cholula-Puebla-Beans (black, imported)-KG-Wholesale-MXN",0.95
2016-06-15,"Puebla-San Andres Cholula-Puebla-Beans (black, imported)-KG-Wholesale-MXN",0.94
2016-07-15,"Puebla-San Andres Cholula-Puebla-Beans (black, imported)-KG-Wholesale-MXN",0.97
2016-08-15,"Puebla-San Andres Cholula-Puebla-Beans (black, imported)-KG-Wholesale-MXN",1.18
2016-09-15,"Puebla-San Andres Cholula-Puebla-Beans (black, imported)-KG-Wholesale-MXN",1.14
2016-10-15,"Puebla-San Andres Cholula-Puebla-Beans (black, imported)-KG-Wholesale-MXN",1.16
2016-11-15,"Puebla-San Andres Cholula-Puebla-Beans (black, imported)-KG-Wholesale-MXN",1.14
2016-12-15,"Puebla-San Andres Cholula-Puebla-Beans (black, imported)-KG-Wholesale-MXN",1.18
2016-12-15,"Puebla-San Andres Cholula-Puebla-Beans (black, imported)-KG-Wholesale-MXN",1.18
2017-01-15,"Puebla-San Andres Cholula-Puebla-Beans (black, imported)-KG-Wholesale-MXN",1.16
2017-02-15,"Puebla-San Andres Cholula-Puebla-Beans (black, imported)-KG-Wholesale-MXN",1.31
2017-02-15,"Puebla-San Andres Cholula-Puebla-Beans (black, imported)-KG-Wholesale-MXN",1.31
2017-03-15,"Puebla-San Andres Cholula-Puebla-Beans (black, imported)-KG-Wholesale-MXN",1.38
2017-04-15,"Puebla-San Andres Cholula-Puebla-Beans (black, imported)-KG-Wholesale-MXN",1.35
2017-05-15,"Puebla-San Andres Cholula-Puebla-Beans (black, imported)-KG-Wholesale-MXN",1.31
2017-06-15,"Puebla-San Andres Cholula-Puebla-Beans (black, imported)-KG-Wholesale-MXN",1.29
2017-06-15,"Puebla-San Andres Cholula-Puebla-Beans (black, imported)-KG-Wholesale-MXN",1.29
2017-07-15,"Puebla-San Andres Cholula-Puebla-Beans (black, imported)-KG-Wholesale-MXN",1.37
2017-08-15,"Puebla-San Andres Cholula-Puebla-Beans (black, imported)-KG-Wholesale-MXN",1.35
2017-08-15,"Puebla-San Andres Cholula-Puebla-Beans (black, imported)-KG-Wholesale-MXN",1.35
2017-09-15,"Puebla-San Andres Cholula-Puebla-Beans (black, imported)-KG-Wholesale-MXN",1.36
2017-10-15,"Puebla-San Andres Cholula-Puebla-Beans (black, imported)-KG-Wholesale-MXN",1.3
2017-10-15,"Puebla-San Andres Cholula-Puebla-Beans (black, imported)-KG-Wholesale-MXN",1.3
2017-11-15,"Puebla-San Andres Cholula-Puebla-Beans (black, imported)-KG-Wholesale-MXN",1.27
2017-12-15,"Puebla-San Andres Cholula-Puebla-Beans (black, imported)-KG-Wholesale-MXN",1.2
2018-01-15,"Puebla-San Andres Cholula-Puebla-Beans (black, imported)-KG-Wholesale-MXN",1.22
2018-02-15,"Puebla-San Andres Cholula-Puebla-Beans (black, imported)-KG-Wholesale-MXN",1.24
2018-03-15,"Puebla-San Andres Cholula-Puebla-Beans (black, imported)-KG-Wholesale-MXN",1.24
2018-04-15,"Puebla-San Andres Cholula-Puebla-Beans (black, imported)-KG-Wholesale-MXN",1.25
2018-05-15,"Puebla-San Andres Cholula-Puebla-Beans (black, imported)-KG-Wholesale-MXN",1.16
2018-06-15,"Puebla-San Andres Cholula-Puebla-Beans (black, imported)-KG-Wholesale-MXN",1.11
2018-06-15,"Puebla-San Andres Cholula-Puebla-Beans (black, imported)-KG-Wholesale-MXN",1.11
2018-07-15,"Puebla-San Andres Cholula-Puebla-Beans (black, imported)-KG-Wholesale-MXN",1.3
2018-08-15,"Puebla-San Andres Cholula-Puebla-Beans (black, imported)-KG-Wholesale-MXN",1.31
2018-09-15,"Puebla-San Andres Cholula-Puebla-Beans (black, imported)-KG-Wholesale-MXN",1.33
2018-10-15,"Puebla-San Andres Cholula-Puebla-Beans (black, imported)-KG-Wholesale-MXN",1.33
2018-11-15,"Puebla-San Andres Cholula-Puebla-Beans (black, imported)-KG-Wholesale-MXN",1.24
2018-11-15,"Puebla-San Andres Cholula-Puebla-Beans (black, imported)-KG-Wholesale-MXN",1.24
2018-12-15,"Puebla-San Andres Cholula-Puebla-Beans (black, imported)-KG-Wholesale-MXN",1.24
2019-01-15,"Puebla-San Andres Cholula-Puebla-Beans (black, imported)-KG-Wholesale-MXN",1.25
2019-02-15,"Puebla-San Andres Cholula-Puebla-Beans (black, imported)-KG-Wholesale-MXN",1.18
2019-03-15,"Puebla-San Andres Cholula-Puebla-Beans (black, imported)-KG-Wholesale-MXN",1.17
2019-04-15,"Puebla-San Andres Cholula-Puebla-Beans (black, imported)-KG-Wholesale-MXN",1.19
2019-05-15,"Puebla-San Andres Cholula-Puebla-Beans (black, imported)-KG-Wholesale-MXN",1.18
2019-05-15,"Puebla-San Andres Cholula-Puebla-Beans (black, imported)-KG-Wholesale-MXN",1.18
2019-06-15,"Puebla-San Andres Cholula-Puebla-Beans (black, imported)-KG-Wholesale-MXN",1.17
2019-07-15,"Puebla-San Andres Cholula-Puebla-Beans (black, imported)-KG-Wholesale-MXN",1.19
2019-08-15,"Puebla-San Andres Cholula-Puebla-Beans (black, imported)-KG-Wholesale-MXN",1.15
2019-09-15,"Puebla-San Andres Cholula-Puebla-Beans (black, imported)-KG-Wholesale-MXN",1.09
2019-10-15,"Puebla-San Andres Cholula-Puebla-Beans (black, imported)-KG-Wholesale-MXN",0.88
2019-11-15,"Puebla-San Andres Cholula-Puebla-Beans (black, imported)-KG-Wholesale-MXN",0.89
2019-12-15,"Puebla-San Andres Cholula-Puebla-Beans (black, imported)-KG-Wholesale-MXN",0.9
2019-12-15,"Puebla-San Andres Cholula-Puebla-Beans (black, imported)-KG-Wholesale-MXN",0.9
2020-01-15,"Puebla-San Andres Cholula-Puebla-Beans (black, imported)-KG-Wholesale-MXN",0.9
2020-01-15,"Puebla-San Andres Cholula-Puebla-Beans (black, imported)-KG-Wholesale-MXN",0.9
2020-02-15,"Puebla-San Andres Cholula-Puebla-Beans (black, imported)-KG-Wholesale-MXN",1.08
2020-02-15,"Puebla-San Andres Cholula-Puebla-Beans (black, imported)-KG-Wholesale-MXN",1.08
2020-03-15,"Puebla-San Andres Cholula-Puebla-Beans (black, imported)-KG-Wholesale-MXN",1.3
2020-03-15,"Puebla-San Andres Cholula-Puebla-Beans (black, imported)-KG-Wholesale-MXN",1.3
2020-04-15,"Puebla-San Andres Cholula-Puebla-Beans (black, imported)-KG-Wholesale-MXN",1.2
2020-05-15,"Puebla-San Andres Cholula-Puebla-Beans (black, imported)-KG-Wholesale-MXN",1.21
2020-08-15,"Puebla-San Andres Cholula-Puebla-Beans (black, imported)-KG-Wholesale-MXN",1.32
2020-09-15,"Puebla-San Andres Cholula-Puebla-Beans (black, imported)-KG-Wholesale-MXN",1.28
2020-10-15,"Puebla-San Andres Cholula-Puebla-Beans (black, imported)-KG-Wholesale-MXN",1.22
2020-11-15,"Puebla-San Andres Cholula-Puebla-Beans (black, imported)-KG-Wholesale-MXN",1.43
2020-11-15,"Puebla-San Andres Cholula-Puebla-Beans (black, imported)-KG-Wholesale-MXN",1.43
2020-12-15,"Puebla-San Andres Cholula-Puebla-Beans (black, imported)-KG-Wholesale-MXN",1.51
2021-01-15,"Puebla-San Andres Cholula-Puebla-Beans (black, imported)-KG-Wholesale-MXN",1.52
2021-02-15,"Puebla-San Andres Cholula-Puebla-Beans (black, imported)-KG-Wholesale-MXN",1.5
2021-03-15,"Puebla-San Andres Cholula-Puebla-Beans (black, imported)-KG-Wholesale-MXN",1.45
2021-04-15,"Puebla-San Andres Cholula-Puebla-Beans (black, imported)-KG-Wholesale-MXN",1.45
2021-05-15,"Puebla-San Andres Cholula-Puebla-Beans (black, imported)-KG-Wholesale-MXN",1.51
2021-05-15,"Puebla-San Andres Cholula-Puebla-Beans (black, imported)-KG-Wholesale-MXN",1.51
2021-06-15,"Puebla-San Andres Cholula-Puebla-Beans (black, imported)-KG-Wholesale-MXN",1.52
2021-06-15,"Puebla-San Andres Cholula-Puebla-Beans (black, imported)-KG-Wholesale-MXN",1.52
2021-07-15,"Puebla-San Andres Cholula-Puebla-Beans (black, imported)-KG-Wholesale-MXN",1.45
2021-08-15,"Puebla-San Andres Cholula-Puebla-Beans (black, imported)-KG-Wholesale-MXN",1.46
2021-10-15,"Puebla-San Andres Cholula-Puebla-Beans (black, imported)-KG-Wholesale-MXN",1.45
2021-11-15,"Puebla-San Andres Cholula-Puebla-Beans (black, imported)-KG-Wholesale-MXN",1.43
2021-11-15,"Puebla-San Andres Cholula-Puebla-Beans (black, imported)-KG-Wholesale-MXN",1.43
2021-12-15,"Puebla-San Andres Cholula-Puebla-Beans (black, imported)-KG-Wholesale-MXN",1.45
2022-02-15,"Puebla-San Andres Cholula-Puebla-Beans (black, imported)-KG-Wholesale-MXN",1.65
2022-03-15,"Puebla-San Andres Cholula-Puebla-Beans (black, imported)-KG-Wholesale-MXN",1.5
2022-04-15,"Puebla-San Andres Cholula-Puebla-Beans (black, imported)-KG-Wholesale-MXN",1.38
2022-05-15,"Puebla-San Andres Cholula-Puebla-Beans (black, imported)-KG-Wholesale-MXN",1.65
2022-05-15,"Puebla-San Andres Cholula-Puebla-Beans (black, imported)-KG-Wholesale-MXN",1.65
2022-06-15,"Puebla-San Andres Cholula-Puebla-Beans (black, imported)-KG-Wholesale-MXN",1.68
2022-06-15,"Puebla-San Andres Cholula-Puebla-Beans (black, imported)-KG-Wholesale-MXN",1.68
2000-06-15,"Jalisco-Guadalajara-Guadalajara-Rice (long grain, Sinaloa)-KG-Wholesale-MXN",0.36
2000-07-15,"Jalisco-Guadalajara-Guadalajara-Rice (long grain, Sinaloa)-KG-Wholesale-MXN",0.39
2000-07-15,"Jalisco-Guadalajara-Guadalajara-Rice (long grain, Sinaloa)-KG-Wholesale-MXN",0.39
2000-08-15,"Jalisco-Guadalajara-Guadalajara-Rice (long grain, Sinaloa)-KG-Wholesale-MXN",0.39
2000-08-15,"Jalisco-Guadalajara-Guadalajara-Rice (long grain, Sinaloa)-KG-Wholesale-MXN",0.39
2000-09-15,"Jalisco-Guadalajara-Guadalajara-Rice (long grain, Sinaloa)-KG-Wholesale-MXN",0.39
2000-10-15,"Jalisco-Guadalajara-Guadalajara-Rice (long grain, Sinaloa)-KG-Wholesale-MXN",0.38
2000-11-15,"Jalisco-Guadalajara-Guadalajara-Rice (long grain, Sinaloa)-KG-Wholesale-MXN",0.39
2000-12-15,"Jalisco-Guadalajara-Guadalajara-Rice (long grain, Sinaloa)-KG-Wholesale-MXN",0.4
2001-01-15,"Jalisco-Guadalajara-Guadalajara-Rice (long grain, Sinaloa)-KG-Wholesale-MXN",0.39
2001-02-15,"Jalisco-Guadalajara-Guadalajara-Rice (long grain, Sinaloa)-KG-Wholesale-MXN",0.41
2001-04-15,"Jalisco-Guadalajara-Guadalajara-Rice (long grain, Sinaloa)-KG-Wholesale-MXN",0.42
2001-05-15,"Jalisco-Guadalajara-Guadalajara-Rice (long grain, Sinaloa)-KG-Wholesale-MXN",0.41
2001-07-15,"Jalisco-Guadalajara-Guadalajara-Rice (long grain, Sinaloa)-KG-Wholesale-MXN",0.4
2001-08-15,"Jalisco-Guadalajara-Guadalajara-Rice (long grain, Sinaloa)-KG-Wholesale-MXN",0.42
2001-09-15,"Jalisco-Guadalajara-Guadalajara-Rice (long grain, Sinaloa)-KG-Wholesale-MXN",0.38
2001-10-15,"Jalisco-Guadalajara-Guadalajara-Rice (long grain, Sinaloa)-KG-Wholesale-MXN",0.4
2001-10-15,"Jalisco-Guadalajara-Guadalajara-Rice (long grain, Sinaloa)-KG-Wholesale-MXN",0.4
2001-11-15,"Jalisco-Guadalajara-Guadalajara-Rice (long grain, Sinaloa)-KG-Wholesale-MXN",0.38
2002-01-15,"Jalisco-Guadalajara-Guadalajara-Rice (long grain, Sinaloa)-KG-Wholesale-MXN",0.36
2002-02-15,"Jalisco-Guadalajara-Guadalajara-Rice (long grain, Sinaloa)-KG-Wholesale-MXN",0.34
2002-03-15,"Jalisco-Guadalajara-Guadalajara-Rice (long grain, Sinaloa)-KG-Wholesale-MXN",0.36
2002-04-15,"Jalisco-Guadalajara-Guadalajara-Rice (long grain, Sinaloa)-KG-Wholesale-MXN",0.35
2002-04-15,"Jalisco-Guadalajara-Guadalajara-Rice (long grain, Sinaloa)-KG-Wholesale-MXN",0.35
2002-05-15,"Jalisco-Guadalajara-Guadalajara-Rice (long grain, Sinaloa)-KG-Wholesale-MXN",0.34
2002-06-15,"Jalisco-Guadalajara-Guadalajara-Rice (long grain, Sinaloa)-KG-Wholesale-MXN",0.31
2002-07-15,"Jalisco-Guadalajara-Guadalajara-Rice (long grain, Sinaloa)-KG-Wholesale-MXN",0.32
2002-08-15,"Jalisco-Guadalajara-Guadalajara-Rice (long grain, Sinaloa)-KG-Wholesale-MXN",0.31
2002-09-15,"Jalisco-Guadalajara-Guadalajara-Rice (long grain, Sinaloa)-KG-Wholesale-MXN",0.33
2002-10-15,"Jalisco-Guadalajara-Guadalajara-Rice (long grain, Sinaloa)-KG-Wholesale-MXN",0.3
2002-10-15,"Jalisco-Guadalajara-Guadalajara-Rice (long grain, Sinaloa)-KG-Wholesale-MXN",0.3
2002-12-15,"Jalisco-Guadalajara-Guadalajara-Rice (long grain, Sinaloa)-KG-Wholesale-MXN",0.29
2003-01-15,"Jalisco-Guadalajara-Guadalajara-Rice (long grain, Sinaloa)-KG-Wholesale-MXN",0.27
2003-02-15,"Jalisco-Guadalajara-Guadalajara-Rice (long grain, Sinaloa)-KG-Wholesale-MXN",0.28
2003-02-15,"Jalisco-Guadalajara-Guadalajara-Rice (long grain, Sinaloa)-KG-Wholesale-MXN",0.28
2003-03-15,"Jalisco-Guadalajara-Guadalajara-Rice (long grain, Sinaloa)-KG-Wholesale-MXN",0.3
2003-03-15,"Jalisco-Guadalajara-Guadalajara-Rice (long grain, Sinaloa)-KG-Wholesale-MXN",0.3
2003-04-15,"Jalisco-Guadalajara-Guadalajara-Rice (long grain, Sinaloa)-KG-Wholesale-MXN",0.34
2003-05-15,"Jalisco-Guadalajara-Guadalajara-Rice (long grain, Sinaloa)-KG-Wholesale-MXN",0.35
2003-06-15,"Jalisco-Guadalajara-Guadalajara-Rice (long grain, Sinaloa)-KG-Wholesale-MXN",0.34
2003-06-15,"Jalisco-Guadalajara-Guadalajara-Rice (long grain, Sinaloa)-KG-Wholesale-MXN",0.34
2003-07-15,"Jalisco-Guadalajara-Guadalajara-Rice (long grain, Sinaloa)-KG-Wholesale-MXN",0.36
2003-08-15,"Jalisco-Guadalajara-Guadalajara-Rice (long grain, Sinaloa)-KG-Wholesale-MXN",0.37
2003-08-15,"Jalisco-Guadalajara-Guadalajara-Rice (long grain, Sinaloa)-KG-Wholesale-MXN",0.37
2003-11-15,"Jalisco-Guadalajara-Guadalajara-Rice (long grain, Sinaloa)-KG-Wholesale-MXN",0.36
2003-12-15,"Jalisco-Guadalajara-Guadalajara-Rice (long grain, Sinaloa)-KG-Wholesale-MXN",0.35
2004-01-15,"Jalisco-Guadalajara-Guadalajara-Rice (long grain, Sinaloa)-KG-Wholesale-MXN",0.47
2004-01-15,"Jalisco-Guadalajara-Guadalajara-Rice (long grain, Sinaloa)-KG-Wholesale-MXN",0.47
2004-03-15,"Jalisco-Guadalajara-Guadalajara-Rice (long grain, Sinaloa)-KG-Wholesale-MXN",0.45
2004-03-15,"Jalisco-Guadalajara-Guadalajara-Rice (long grain, Sinaloa)-KG-Wholesale-MXN",0.45
2004-04-15,"Jalisco-Guadalajara-Guadalajara-Rice (long grain, Sinaloa)-KG-Wholesale-MXN",0.47
2004-05-15,"Jalisco-Guadalajara-Guadalajara-Rice (long grain, Sinaloa)-KG-Wholesale-MXN",0.47
2004-05-15,"Jalisco-Guadalajara-Guadalajara-Rice (long grain, Sinaloa)-KG-Wholesale-MXN",0.47
2004-06-15,"Jalisco-Guadalajara-Guadalajara-Rice (long grain, Sinaloa)-KG-Wholesale-MXN",0.51
2004-07-15,"Jalisco-Guadalajara-Guadalajara-Rice (long grain, Sinaloa)-KG-Wholesale-MXN",0.54
2004-07-15,"Jalisco-Guadalajara-Guadalajara-Rice (long grain, Sinaloa)-KG-Wholesale-MXN",0.54
2004-08-15,"Jalisco-Guadalajara-Guadalajara-Rice (long grain, Sinaloa)-KG-Wholesale-MXN",0.57
2004-09-15,"Jalisco-Guadalajara-Guadalajara-Rice (long grain, Sinaloa)-KG-Wholesale-MXN",0.53
2004-09-15,"Jalisco-Guadalajara-Guadalajara-Rice (long grain, Sinaloa)-KG-Wholesale-MXN",0.53
2004-10-15,"Jalisco-Guadalajara-Guadalajara-Rice (long grain, Sinaloa)-KG-Wholesale-MXN",0.52
2004-11-15,"Jalisco-Guadalajara-Guadalajara-Rice (long grain, Sinaloa)-KG-Wholesale-MXN",0.51
2005-01-15,"Jalisco-Guadalajara-Guadalajara-Rice (long grain, Sinaloa)-KG-Wholesale-MXN",0.52
2005-01-15,"Jalisco-Guadalajara-Guadalajara-Rice (long grain, Sinaloa)-KG-Wholesale-MXN",0.52
2005-02-15,"Jalisco-Guadalajara-Guadalajara-Rice (long grain, Sinaloa)-KG-Wholesale-MXN",0.5
2005-03-15,"Jalisco-Guadalajara-Guadalajara-Rice (long grain, Sinaloa)-KG-Wholesale-MXN",0.48
2005-04-15,"Jalisco-Guadalajara-Guadalajara-Rice (long grain, Sinaloa)-KG-Wholesale-MXN",0.48
2005-05-15,"Jalisco-Guadalajara-Guadalajara-Rice (long grain, Sinaloa)-KG-Wholesale-MXN",0.48
2005-06-15,"Jalisco-Guadalajara-Guadalajara-Rice (long grain, Sinaloa)-KG-Wholesale-MXN",0.44
2005-07-15,"Jalisco-Guadalajara-Guadalajara-Rice (long grain, Sinaloa)-KG-Wholesale-MXN",0.45
2005-08-15,"Jalisco-Guadalajara-Guadalajara-Rice (long grain, Sinaloa)-KG-Wholesale-MXN",0.45
2005-09-15,"Jalisco-Guadalajara-Guadalajara-Rice (long grain, Sinaloa)-KG-Wholesale-MXN",0.45
2005-10-15,"Jalisco-Guadalajara-Guadalajara-Rice (long grain, Sinaloa)-KG-Wholesale-MXN",0.45
2005-10-15,"Jalisco-Guadalajara-Guadalajara-Rice (long grain, Sinaloa)-KG-Wholesale-MXN",0.45
2005-11-15,"Jalisco-Guadalajara-Guadalajara-Rice (long grain, Sinaloa)-KG-Wholesale-MXN",0.45
2005-12-15,"Jalisco-Guadalajara-Guadalajara-Rice (long grain, Sinaloa)-KG-Wholesale-MXN",0.44
2005-12-15,"Jalisco-Guadalajara-Guadalajara-Rice (long grain, Sinaloa)-KG-Wholesale-MXN",0.44
2006-01-15,"Jalisco-Guadalajara-Guadalajara-Rice (long grain, Sinaloa)-KG-Wholesale-MXN",0.46
2006-02-15,"Jalisco-Guadalajara-Guadalajara-Rice (long grain, Sinaloa)-KG-Wholesale-MXN",0.46
2006-03-15,"Jalisco-Guadalajara-Guadalajara-Rice (long grain, Sinaloa)-KG-Wholesale-MXN",0.46
2006-03-15,"Jalisco-Guadalajara-Guadalajara-Rice (long grain, Sinaloa)-KG-Wholesale-MXN",0.46
2006-04-15,"Jalisco-Guadalajara-Guadalajara-Rice (long grain, Sinaloa)-KG-Wholesale-MXN",0.45
2006-05-15,"Jalisco-Guadalajara-Guadalajara-Rice (long grain, Sinaloa)-KG-Wholesale-MXN",0.45
2006-05-15,"Jalisco-Guadalajara-Guadalajara-Rice (long grain, Sinaloa)-KG-Wholesale-MXN",0.45
2006-07-15,"Jalisco-Guadalajara-Guadalajara-Rice (long grain, Sinaloa)-KG-Wholesale-MXN",0.47
2006-08-15,"Jalisco-Guadalajara-Guadalajara-Rice (long grain, Sinaloa)-KG-Wholesale-MXN",0.48
2006-11-15,"Jalisco-Guadalajara-Guadalajara-Rice (long grain, Sinaloa)-KG-Wholesale-MXN",0.51
2006-12-15,"Jalisco-Guadalajara-Guadalajara-Rice (long grain, Sinaloa)-KG-Wholesale-MXN",0.51
2007-01-15,"Jalisco-Guadalajara-Guadalajara-Rice (long grain, Sinaloa)-KG-Wholesale-MXN",0.51
2007-02-15,"Jalisco-Guadalajara-Guadalajara-Rice (long grain, Sinaloa)-KG-Wholesale-MXN",0.54
2007-03-15,"Jalisco-Guadalajara-Guadalajara-Rice (long grain, Sinaloa)-KG-Wholesale-MXN",0.56
2007-04-15,"Jalisco-Guadalajara-Guadalajara-Rice (long grain, Sinaloa)-KG-Wholesale-MXN",0.59
2007-06-15,"Jalisco-Guadalajara-Guadalajara-Rice (long grain, Sinaloa)-KG-Wholesale-MXN",0.6
2007-08-15,"Jalisco-Guadalajara-Guadalajara-Rice (long grain, Sinaloa)-KG-Wholesale-MXN",0.59
2007-08-15,"Jalisco-Guadalajara-Guadalajara-Rice (long grain, Sinaloa)-KG-Wholesale-MXN",0.59
2007-10-15,"Jalisco-Guadalajara-Guadalajara-Rice (long grain, Sinaloa)-KG-Wholesale-MXN",0.6
2007-10-15,"Jalisco-Guadalajara-Guadalajara-Rice (long grain, Sinaloa)-KG-Wholesale-MXN",0.6
2007-11-15,"Jalisco-Guadalajara-Guadalajara-Rice (long grain, Sinaloa)-KG-Wholesale-MXN",0.62
2007-12-15,"Jalisco-Guadalajara-Guadalajara-Rice (long grain, Sinaloa)-KG-Wholesale-MXN",0.67
2007-12-15,"Jalisco-Guadalajara-Guadalajara-Rice (long grain, Sinaloa)-KG-Wholesale-MXN",0.67
2008-01-15,"Jalisco-Guadalajara-Guadalajara-Rice (long grain, Sinaloa)-KG-Wholesale-MXN",0.69
2008-02-15,"Jalisco-Guadalajara-Guadalajara-Rice (long grain, Sinaloa)-KG-Wholesale-MXN",0.7
2008-03-15,"Jalisco-Guadalajara-Guadalajara-Rice (long grain, Sinaloa)-KG-Wholesale-MXN",0.74
2008-04-15,"Jalisco-Guadalajara-Guadalajara-Rice (long grain, Sinaloa)-KG-Wholesale-MXN",0.87
2008-05-15,"Jalisco-Guadalajara-Guadalajara-Rice (long grain, Sinaloa)-KG-Wholesale-MXN",1.11
2008-06-15,"Jalisco-Guadalajara-Guadalajara-Rice (long grain, Sinaloa)-KG-Wholesale-MXN",1.11
2008-07-15,"Jalisco-Guadalajara-Guadalajara-Rice (long grain, Sinaloa)-KG-Wholesale-MXN",1.18
2008-08-15,"Jalisco-Guadalajara-Guadalajara-Rice (long grain, Sinaloa)-KG-Wholesale-MXN",1.13
2008-09-15,"Jalisco-Guadalajara-Guadalajara-Rice (long grain, Sinaloa)-KG-Wholesale-MXN",0.98
2008-09-15,"Jalisco-Guadalajara-Guadalajara-Rice (long grain, Sinaloa)-KG-Wholesale-MXN",0.98
2008-10-15,"Jalisco-Guadalajara-Guadalajara-Rice (long grain, Sinaloa)-KG-Wholesale-MXN",0.89
2008-12-15,"Jalisco-Guadalajara-Guadalajara-Rice (long grain, Sinaloa)-KG-Wholesale-MXN",0.86
2009-01-15,"Jalisco-Guadalajara-Guadalajara-Rice (long grain, Sinaloa)-KG-Wholesale-MXN",0.84
2009-02-15,"Jalisco-Guadalajara-Guadalajara-Rice (long grain, Sinaloa)-KG-Wholesale-MXN",0.79
2009-02-15,"Jalisco-Guadalajara-Guadalajara-Rice (long grain, Sinaloa)-KG-Wholesale-MXN",0.79
2009-03-15,"Jalisco-Guadalajara-Guadalajara-Rice (long grain, Sinaloa)-KG-Wholesale-MXN",0.78
2009-04-15,"Jalisco-Guadalajara-Guadalajara-Rice (long grain, Sinaloa)-KG-Wholesale-MXN",0.88
2009-05-15,"Jalisco-Guadalajara-Guadalajara-Rice (long grain, Sinaloa)-KG-Wholesale-MXN",0.84
2009-06-15,"Jalisco-Guadalajara-Guadalajara-Rice (long grain, Sinaloa)-KG-Wholesale-MXN",0.78
2009-07-15,"Jalisco-Guadalajara-Guadalajara-Rice (long grain, Sinaloa)-KG-Wholesale-MXN",0.72
2009-08-15,"Jalisco-Guadalajara-Guadalajara-Rice (long grain, Sinaloa)-KG-Wholesale-MXN",0.74
2009-09-15,"Jalisco-Guadalajara-Guadalajara-Rice (long grain, Sinaloa)-KG-Wholesale-MXN",0.72
2009-12-15,"Jalisco-Guadalajara-Guadalajara-Rice (long grain, Sinaloa)-KG-Wholesale-MXN",0.76
2010-01-15,"Jalisco-Guadalajara-Guadalajara-Rice (long grain, Sinaloa)-KG-Wholesale-MXN",0.76
2010-02-15,"Jalisco-Guadalajara-Guadalajara-Rice (long grain, Sinaloa)-KG-Wholesale-MXN",0.75
2010-02-15,"Jalisco-Guadalajara-Guadalajara-Rice (long grain, Sinaloa)-KG-Wholesale-MXN",0.75
2010-03-15,"Jalisco-Guadalajara-Guadalajara-Rice (long grain, Sinaloa)-KG-Wholesale-MXN",0.77
2010-04-15,"Jalisco-Guadalajara-Guadalajara-Rice (long grain, Sinaloa)-KG-Wholesale-MXN",0.75
2010-05-15,"Jalisco-Guadalajara-Guadalajara-Rice (long grain, Sinaloa)-KG-Wholesale-MXN",0.71
2010-06-15,"Jalisco-Guadalajara-Guadalajara-Rice (long grain, Sinaloa)-KG-Wholesale-MXN",0.64
2010-06-15,"Jalisco-Guadalajara-Guadalajara-Rice (long grain, Sinaloa)-KG-Wholesale-MXN",0.64
2010-08-15,"Jalisco-Guadalajara-Guadalajara-Rice (long grain, Sinaloa)-KG-Wholesale-MXN",0.6
2010-09-15,"Jalisco-Guadalajara-Guadalajara-Rice (long grain, Sinaloa)-KG-Wholesale-MXN",0.63
2010-10-15,"Jalisco-Guadalajara-Guadalajara-Rice (long grain, Sinaloa)-KG-Wholesale-MXN",0.64
2010-11-15,"Jalisco-Guadalajara-Guadalajara-Rice (long grain, Sinaloa)-KG-Wholesale-MXN",0.71
2011-01-15,"Jalisco-Guadalajara-Guadalajara-Rice (long grain, Sinaloa)-KG-Wholesale-MXN",0.79
2011-03-15,"Jalisco-Guadalajara-Guadalajara-Rice (long grain, Sinaloa)-KG-Wholesale-MXN",0.79
2011-06-15,"Jalisco-Guadalajara-Guadalajara-Rice (long grain, Sinaloa)-KG-Wholesale-MXN",0.75
2011-07-15,"Jalisco-Guadalajara-Guadalajara-Rice (long grain, Sinaloa)-KG-Wholesale-MXN",0.77
2011-07-15,"Jalisco-Guadalajara-Guadalajara-Rice (long grain, Sinaloa)-KG-Wholesale-MXN",0.77
2011-08-15,"Jalisco-Guadalajara-Guadalajara-Rice (long grain, Sinaloa)-KG-Wholesale-MXN",0.74
2011-09-15,"Jalisco-Guadalajara-Guadalajara-Rice (long grain, Sinaloa)-KG-Wholesale-MXN",0.71
2011-10-15,"Jalisco-Guadalajara-Guadalajara-Rice (long grain, Sinaloa)-KG-Wholesale-MXN",0.74
2011-12-15,"Jalisco-Guadalajara-Guadalajara-Rice (long grain, Sinaloa)-KG-Wholesale-MXN",0.76
2012-01-15,"Jalisco-Guadalajara-Guadalajara-Rice (long grain, Sinaloa)-KG-Wholesale-MXN",0.77
2012-02-15,"Jalisco-Guadalajara-Guadalajara-Rice (long grain, Sinaloa)-KG-Wholesale-MXN",0.8
2012-03-15,"Jalisco-Guadalajara-Guadalajara-Rice (long grain, Sinaloa)-KG-Wholesale-MXN",0.78
2012-03-15,"Jalisco-Guadalajara-Guadalajara-Rice (long grain, Sinaloa)-KG-Wholesale-MXN",0.78
2012-04-15,"Jalisco-Guadalajara-Guadalajara-Rice (long grain, Sinaloa)-KG-Wholesale-MXN",0.74
2012-05-15,"Jalisco-Guadalajara-Guadalajara-Rice (long grain, Sinaloa)-KG-Wholesale-MXN",0.72
2012-06-15,"Jalisco-Guadalajara-Guadalajara-Rice (long grain, Sinaloa)-KG-Wholesale-MXN",0.68
2012-07-15,"Jalisco-Guadalajara-Guadalajara-Rice (long grain, Sinaloa)-KG-Wholesale-MXN",0.76
2012-08-15,"Jalisco-Guadalajara-Guadalajara-Rice (long grain, Sinaloa)-KG-Wholesale-MXN",0.76
2012-09-15,"Jalisco-Guadalajara-Guadalajara-Rice (long grain, Sinaloa)-KG-Wholesale-MXN",0.79
2012-10-15,"Jalisco-Guadalajara-Guadalajara-Rice (long grain, Sinaloa)-KG-Wholesale-MXN",0.78
2012-11-15,"Jalisco-Guadalajara-Guadalajara-Rice (long grain, Sinaloa)-KG-Wholesale-MXN",0.76
2012-12-15,"Jalisco-Guadalajara-Guadalajara-Rice (long grain, Sinaloa)-KG-Wholesale-MXN",0.79
2012-12-15,"Jalisco-Guadalajara-Guadalajara-Rice (long grain, Sinaloa)-KG-Wholesale-MXN",0.79
2013-02-15,"Jalisco-Guadalajara-Guadalajara-Rice (long grain, Sinaloa)-KG-Wholesale-MXN",0.79
2013-04-15,"Jalisco-Guadalajara-Guadalajara-Rice (long grain, Sinaloa)-KG-Wholesale-MXN",0.81
2013-05-15,"Jalisco-Guadalajara-Guadalajara-Rice (long grain, Sinaloa)-KG-Wholesale-MXN",0.82
2013-07-15,"Jalisco-Guadalajara-Guadalajara-Rice (long grain, Sinaloa)-KG-Wholesale-MXN",0.83
2013-08-15,"Jalisco-Guadalajara-Guadalajara-Rice (long grain, Sinaloa)-KG-Wholesale-MXN",0.82
2013-09-15,"Jalisco-Guadalajara-Guadalajara-Rice (long grain, Sinaloa)-KG-Wholesale-MXN",0.81
2013-10-15,"Jalisco-Guadalajara-Guadalajara-Rice (long grain, Sinaloa)-KG-Wholesale-MXN",0.81
2013-11-15,"Jalisco-Guadalajara-Guadalajara-Rice (long grain, Sinaloa)-KG-Wholesale-MXN",0.82
2013-11-15,"Jalisco-Guadalajara-Guadalajara-Rice (long grain, Sinaloa)-KG-Wholesale-MXN",0.82
2013-12-15,"Jalisco-Guadalajara-Guadalajara-Rice (long grain, Sinaloa)-KG-Wholesale-MXN",0.85
2014-01-15,"Jalisco-Guadalajara-Guadalajara-Rice (long grain, Sinaloa)-KG-Wholesale-MXN",0.83
2014-01-15,"Jalisco-Guadalajara-Guadalajara-Rice (long grain, Sinaloa)-KG-Wholesale-MXN",0.83
2014-02-15,"Jalisco-Guadalajara-Guadalajara-Rice (long grain, Sinaloa)-KG-Wholesale-MXN",0.79
2014-04-15,"Jalisco-Guadalajara-Guadalajara-Rice (long grain, Sinaloa)-KG-Wholesale-MXN",0.78
2014-05-15,"Jalisco-Guadalajara-Guadalajara-Rice (long grain, Sinaloa)-KG-Wholesale-MXN",0.85
2014-06-15,"Jalisco-Guadalajara-Guadalajara-Rice (long grain, Sinaloa)-KG-Wholesale-MXN",0.84
2014-07-15,"Jalisco-Guadalajara-Guadalajara-Rice (long grain, Sinaloa)-KG-Wholesale-MXN",0.83
2014-08-15,"Jalisco-Guadalajara-Guadalajara-Rice (long grain, Sinaloa)-KG-Wholesale-MXN",0.82
2014-09-15,"Jalisco-Guadalajara-Guadalajara-Rice (long grain, Sinaloa)-KG-Wholesale-MXN",0.83
2014-10-15,"Jalisco-Guadalajara-Guadalajara-Rice (long grain, Sinaloa)-KG-Wholesale-MXN",0.8
2014-11-15,"Jalisco-Guadalajara-Guadalajara-Rice (long grain, Sinaloa)-KG-Wholesale-MXN",0.81
2015-01-15,"Jalisco-Guadalajara-Guadalajara-Rice (long grain, Sinaloa)-KG-Wholesale-MXN",0.75
2015-03-15,"Jalisco-Guadalajara-Guadalajara-Rice (long grain, Sinaloa)-KG-Wholesale-MXN",0.71
2015-05-15,"Jalisco-Guadalajara-Guadalajara-Rice (long grain, Sinaloa)-KG-Wholesale-MXN",0.73
2015-06-15,"Jalisco-Guadalajara-Guadalajara-Rice (long grain, Sinaloa)-KG-Wholesale-MXN",0.68
2015-06-15,"Jalisco-Guadalajara-Guadalajara-Rice (long grain, Sinaloa)-KG-Wholesale-MXN",0.68
2015-08-15,"Jalisco-Guadalajara-Guadalajara-Rice (long grain, Sinaloa)-KG-Wholesale-MXN",0.64
2015-11-15,"Jalisco-Guadalajara-Guadalajara-Rice (long grain, Sinaloa)-KG-Wholesale-MXN",0.66
2016-01-15,"Jalisco-Guadalajara-Guadalajara-Rice (long grain, Sinaloa)-KG-Wholesale-MXN",0.6
2016-03-15,"Jalisco-Guadalajara-Guadalajara-Rice (long grain, Sinaloa)-KG-Wholesale-MXN",0.65
2016-03-15,"Jalisco-Guadalajara-Guadalajara-Rice (long grain, Sinaloa)-KG-Wholesale-MXN",0.65
2016-04-15,"Jalisco-Guadalajara-Guadalajara-Rice (long grain, Sinaloa)-KG-Wholesale-MXN",0.66
2016-05-15,"Jalisco-Guadalajara-Guadalajara-Rice (long grain, Sinaloa)-KG-Wholesale-MXN",0.63
2016-06-15,"Jalisco-Guadalajara-Guadalajara-Rice (long grain, Sinaloa)-KG-Wholesale-MXN",0.61
2016-09-15,"Jalisco-Guadalajara-Guadalajara-Rice (long grain, Sinaloa)-KG-Wholesale-MXN",0.62
2016-10-15,"Jalisco-Guadalajara-Guadalajara-Rice (long grain, Sinaloa)-KG-Wholesale-MXN",0.63
2016-11-15,"Jalisco-Guadalajara-Guadalajara-Rice (long grain, Sinaloa)-KG-Wholesale-MXN",0.6
2016-11-15,"Jalisco-Guadalajara-Guadalajara-Rice (long grain, Sinaloa)-KG-Wholesale-MXN",0.6
2016-12-15,"Jalisco-Guadalajara-Guadalajara-Rice (long grain, Sinaloa)-KG-Wholesale-MXN",0.6
2017-04-15,"Jalisco-Guadalajara-Guadalajara-Rice (long grain, Sinaloa)-KG-Wholesale-MXN",0.68
2017-05-15,"Jalisco-Guadalajara-Guadalajara-Rice (long grain, Sinaloa)-KG-Wholesale-MXN",0.73
2017-07-15,"Jalisco-Guadalajara-Guadalajara-Rice (long grain, Sinaloa)-KG-Wholesale-MXN",0.71
2017-08-15,"Jalisco-Guadalajara-Guadalajara-Rice (long grain, Sinaloa)-KG-Wholesale-MXN",0.7
2017-09-15,"Jalisco-Guadalajara-Guadalajara-Rice (long grain, Sinaloa)-KG-Wholesale-MXN",0.71
2017-10-15,"Jalisco-Guadalajara-Guadalajara-Rice (long grain, Sinaloa)-KG-Wholesale-MXN",0.66
2017-11-15,"Jalisco-Guadalajara-Guadalajara-Rice (long grain, Sinaloa)-KG-Wholesale-MXN",0.63
2017-12-15,"Jalisco-Guadalajara-Guadalajara-Rice (long grain, Sinaloa)-KG-Wholesale-MXN",0.63
2018-01-15,"Jalisco-Guadalajara-Guadalajara-Rice (long grain, Sinaloa)-KG-Wholesale-MXN",0.64
2018-02-15,"Jalisco-Guadalajara-Guadalajara-Rice (long grain, Sinaloa)-KG-Wholesale-MXN",0.65
2018-03-15,"Jalisco-Guadalajara-Guadalajara-Rice (long grain, Sinaloa)-KG-Wholesale-MXN",0.66
2018-04-15,"Jalisco-Guadalajara-Guadalajara-Rice (long grain, Sinaloa)-KG-Wholesale-MXN",0.69
2018-05-15,"Jalisco-Guadalajara-Guadalajara-Rice (long grain, Sinaloa)-KG-Wholesale-MXN",0.63
2018-05-15,"Jalisco-Guadalajara-Guadalajara-Rice (long grain, Sinaloa)-KG-Wholesale-MXN",0.63
2018-07-15,"Jalisco-Guadalajara-Guadalajara-Rice (long grain, Sinaloa)-KG-Wholesale-MXN",0.66
2018-09-15,"Jalisco-Guadalajara-Guadalajara-Rice (long grain, Sinaloa)-KG-Wholesale-MXN",0.66
2018-10-15,"Jalisco-Guadalajara-Guadalajara-Rice (long grain, Sinaloa)-KG-Wholesale-MXN",0.66
2018-11-15,"Jalisco-Guadalajara-Guadalajara-Rice (long grain, Sinaloa)-KG-Wholesale-MXN",0.62
2018-11-15,"Jalisco-Guadalajara-Guadalajara-Rice (long grain, Sinaloa)-KG-Wholesale-MXN",0.62
2018-12-15,"Jalisco-Guadalajara-Guadalajara-Rice (long grain, Sinaloa)-KG-Wholesale-MXN",0.62
2019-02-15,"Jalisco-Guadalajara-Guadalajara-Rice (long grain, Sinaloa)-KG-Wholesale-MXN",0.78
2019-03-15,"Jalisco-Guadalajara-Guadalajara-Rice (long grain, Sinaloa)-KG-Wholesale-MXN",0.69
2019-03-15,"Jalisco-Guadalajara-Guadalajara-Rice (long grain, Sinaloa)-KG-Wholesale-MXN",0.69
2019-04-15,"Jalisco-Guadalajara-Guadalajara-Rice (long grain, Sinaloa)-KG-Wholesale-MXN",0.69
2019-05-15,"Jalisco-Guadalajara-Guadalajara-Rice (long grain, Sinaloa)-KG-Wholesale-MXN",0.68
2019-05-15,"Jalisco-Guadalajara-Guadalajara-Rice (long grain, Sinaloa)-KG-Wholesale-MXN",0.68
2019-06-15,"Jalisco-Guadalajara-Guadalajara-Rice (long grain, Sinaloa)-KG-Wholesale-MXN",0.68
2019-07-15,"Jalisco-Guadalajara-Guadalajara-Rice (long grain, Sinaloa)-KG-Wholesale-MXN",0.69
2019-08-15,"Jalisco-Guadalajara-Guadalajara-Rice (long grain, Sinaloa)-KG-Wholesale-MXN",0.66
2019-09-15,"Jalisco-Guadalajara-Guadalajara-Rice (long grain, Sinaloa)-KG-Wholesale-MXN",0.67
2019-10-15,"Jalisco-Guadalajara-Guadalajara-Rice (long grain, Sinaloa)-KG-Wholesale-MXN",0.68
2019-11-15,"Jalisco-Guadalajara-Guadalajara-Rice (long grain, Sinaloa)-KG-Wholesale-MXN",0.68
2019-12-15,"Jalisco-Guadalajara-Guadalajara-Rice (long grain, Sinaloa)-KG-Wholesale-MXN",0.69
2020-02-15,"Jalisco-Guadalajara-Guadalajara-Rice (long grain, Sinaloa)-KG-Wholesale-MXN",0.7
2020-03-15,"Jalisco-Guadalajara-Guadalajara-Rice (long grain, Sinaloa)-KG-Wholesale-MXN",0.81
2020-04-15,"Jalisco-Guadalajara-Guadalajara-Rice (long grain, Sinaloa)-KG-Wholesale-MXN",0.77
2020-05-15,"Jalisco-Guadalajara-Guadalajara-Rice (long grain, Sinaloa)-KG-Wholesale-MXN",1.09
2020-07-15,"Jalisco-Guadalajara-Guadalajara-Rice (long grain, Sinaloa)-KG-Wholesale-MXN",1.07
2020-08-15,"Jalisco-Guadalajara-Guadalajara-Rice (long grain, Sinaloa)-KG-Wholesale-MXN",1
2020-09-15,"Jalisco-Guadalajara-Guadalajara-Rice (long grain, Sinaloa)-KG-Wholesale-MXN",1.04
2020-09-15,"Jalisco-Guadalajara-Guadalajara-Rice (long grain, Sinaloa)-KG-Wholesale-MXN",1.04
2020-10-15,"Jalisco-Guadalajara-Guadalajara-Rice (long grain, Sinaloa)-KG-Wholesale-MXN",0.95
2020-11-15,"Jalisco-Guadalajara-Guadalajara-Rice (long grain, Sinaloa)-KG-Wholesale-MXN",0.9
2021-01-15,"Jalisco-Guadalajara-Guadalajara-Rice (long grain, Sinaloa)-KG-Wholesale-MXN",0.93
2021-02-15,"Jalisco-Guadalajara-Guadalajara-Rice (long grain, Sinaloa)-KG-Wholesale-MXN",0.91
2021-03-15,"Jalisco-Guadalajara-Guadalajara-Rice (long grain, Sinaloa)-KG-Wholesale-MXN",0.89
2021-04-15,"Jalisco-Guadalajara-Guadalajara-Rice (long grain, Sinaloa)-KG-Wholesale-MXN",0.94
2021-05-15,"Jalisco-Guadalajara-Guadalajara-Rice (long grain, Sinaloa)-KG-Wholesale-MXN",0.93
2021-06-15,"Jalisco-Guadalajara-Guadalajara-Rice (long grain, Sinaloa)-KG-Wholesale-MXN",0.9
2021-07-15,"Jalisco-Guadalajara-Guadalajara-Rice (long grain, Sinaloa)-KG-Wholesale-MXN",0.75
2021-09-15,"Jalisco-Guadalajara-Guadalajara-Rice (long grain, Sinaloa)-KG-Wholesale-MXN",0.76
2021-10-15,"Jalisco-Guadalajara-Guadalajara-Rice (long grain, Sinaloa)-KG-Wholesale-MXN",0.74
2021-10-15,"Jalisco-Guadalajara-Guadalajara-Rice (long grain, Sinaloa)-KG-Wholesale-MXN",0.74
2021-11-15,"Jalisco-Guadalajara-Guadalajara-Rice (long grain, Sinaloa)-KG-Wholesale-MXN",0.75
2021-12-15,"Jalisco-Guadalajara-Guadalajara-Rice (long grain, Sinaloa)-KG-Wholesale-MXN",0.76
2021-12-15,"Jalisco-Guadalajara-Guadalajara-Rice (long grain, Sinaloa)-KG-Wholesale-MXN",0.76
2022-02-15,"Jalisco-Guadalajara-Guadalajara-Rice (long grain, Sinaloa)-KG-Wholesale-MXN",0.74
2022-02-15,"Jalisco-Guadalajara-Guadalajara-Rice (long grain, Sinaloa)-KG-Wholesale-MXN",0.74
2022-03-15,"Jalisco-Guadalajara-Guadalajara-Rice (long grain, Sinaloa)-KG-Wholesale-MXN",0.77
2022-05-15,"Jalisco-Guadalajara-Guadalajara-Rice (long grain, Sinaloa)-KG-Wholesale-MXN",0.85
2022-06-15,"Jalisco-Guadalajara-Guadalajara-Rice (long grain, Sinaloa)-KG-Wholesale-MXN",1.14
